--
-- PostgreSQL database dump
--

-- Dumped from database version 14.13
-- Dumped by pg_dump version 14.13

SET statement_timeout = 0;
SET lock_timeout = 0;
SET idle_in_transaction_session_timeout = 0;
SET client_encoding = 'UTF8';
SET standard_conforming_strings = on;
SELECT pg_catalog.set_config('search_path', '', false);
SET check_function_bodies = false;
SET xmloption = content;
SET client_min_messages = warning;
SET row_security = off;

DROP DATABASE weather;
--
-- Name: weather; Type: DATABASE; Schema: -; Owner: postgres
--

CREATE DATABASE weather WITH TEMPLATE = template0 ENCODING = 'UTF8' LC_COLLATE = 'Russian_Russia.1251@icu' LC_CTYPE = 'Russian_Russia.1251';


ALTER DATABASE weather OWNER TO postgres;

\connect weather

SET statement_timeout = 0;
SET lock_timeout = 0;
SET idle_in_transaction_session_timeout = 0;
SET client_encoding = 'UTF8';
SET standard_conforming_strings = on;
SELECT pg_catalog.set_config('search_path', '', false);
SET check_function_bodies = false;
SET xmloption = content;
SET client_min_messages = warning;
SET row_security = off;

SET default_tablespace = '';

SET default_table_access_method = heap;

--
-- Name: city; Type: TABLE; Schema: public; Owner: postgres
--

CREATE TABLE public.city (
    cityid integer NOT NULL,
    cityname character varying(100) NOT NULL,
    CONSTRAINT city_cityid_check CHECK ((cityid > 0))
);


ALTER TABLE public.city OWNER TO postgres;

--
-- Name: city_cityid_seq; Type: SEQUENCE; Schema: public; Owner: postgres
--

ALTER TABLE public.city ALTER COLUMN cityid ADD GENERATED ALWAYS AS IDENTITY (
    SEQUENCE NAME public.city_cityid_seq
    START WITH 1
    INCREMENT BY 1
    NO MINVALUE
    NO MAXVALUE
    CACHE 1
);


--
-- Name: forecast; Type: TABLE; Schema: public; Owner: postgres
--

CREATE TABLE public.forecast (
    forecastid integer NOT NULL,
    cityid integer NOT NULL,
    datetime timestamp without time zone NOT NULL,
    CONSTRAINT forecast_cityid_check CHECK ((cityid > 0)),
    CONSTRAINT forecast_forecastid_check CHECK ((forecastid > 0))
);


ALTER TABLE public.forecast OWNER TO postgres;

--
-- Name: forecast_forecastid_seq; Type: SEQUENCE; Schema: public; Owner: postgres
--

ALTER TABLE public.forecast ALTER COLUMN forecastid ADD GENERATED ALWAYS AS IDENTITY (
    SEQUENCE NAME public.forecast_forecastid_seq
    START WITH 1
    INCREMENT BY 1
    NO MINVALUE
    NO MAXVALUE
    CACHE 1
);


--
-- Name: history; Type: TABLE; Schema: public; Owner: postgres
--

CREATE TABLE public.history (
    operationid integer NOT NULL,
    operationdate timestamp without time zone DEFAULT now() NOT NULL,
    cityname character varying(100) NOT NULL,
    datetime timestamp without time zone NOT NULL,
    temperature numeric(4,2) NOT NULL,
    conditions character varying(200) NOT NULL,
    CONSTRAINT history_operationid_check CHECK ((operationid > 0))
);


ALTER TABLE public.history OWNER TO postgres;

--
-- Name: history_operationid_seq; Type: SEQUENCE; Schema: public; Owner: postgres
--

ALTER TABLE public.history ALTER COLUMN operationid ADD GENERATED ALWAYS AS IDENTITY (
    SEQUENCE NAME public.history_operationid_seq
    START WITH 1
    INCREMENT BY 1
    NO MINVALUE
    NO MAXVALUE
    CACHE 1
);


--
-- Name: information; Type: TABLE; Schema: public; Owner: postgres
--

CREATE TABLE public.information (
    informationid integer NOT NULL,
    temperature numeric(4,2) NOT NULL,
    feelslike numeric(4,2) NOT NULL,
    pressure numeric(6,2) NOT NULL,
    humidity integer NOT NULL,
    conditions character varying(200) NOT NULL,
    clouds integer NOT NULL,
    windspeed numeric(4,2) NOT NULL,
    visibility integer NOT NULL,
    pop integer NOT NULL,
    CONSTRAINT information_informationid_check CHECK ((informationid > 0))
);


ALTER TABLE public.information OWNER TO postgres;

--
-- Data for Name: city; Type: TABLE DATA; Schema: public; Owner: postgres
--

COPY public.city (cityid, cityname) FROM stdin;
1	Лондон
2	Москва
3	Пекин
4	Берлин
6	Париж
10	Ярославль
12	Франкфурт
13	Дублин
14	Лион
15	Манчестер
16	Монако
17	Брюссель
\.


--
-- Data for Name: forecast; Type: TABLE DATA; Schema: public; Owner: postgres
--

COPY public.forecast (forecastid, cityid, datetime) FROM stdin;
1	1	2025-02-28 00:00:00
2	1	2025-02-28 03:00:00
3	1	2025-02-28 06:00:00
4	1	2025-02-28 09:00:00
5	1	2025-02-28 12:00:00
6	1	2025-02-28 15:00:00
7	1	2025-02-28 18:00:00
8	1	2025-02-28 21:00:00
9	1	2025-03-01 00:00:00
10	1	2025-03-01 03:00:00
11	1	2025-03-01 06:00:00
12	1	2025-03-01 09:00:00
13	1	2025-03-01 12:00:00
14	1	2025-03-01 15:00:00
15	1	2025-03-01 18:00:00
16	1	2025-03-01 21:00:00
17	1	2025-03-02 00:00:00
18	1	2025-03-02 03:00:00
19	1	2025-03-02 06:00:00
20	1	2025-03-02 09:00:00
21	1	2025-03-02 12:00:00
22	1	2025-03-02 15:00:00
23	1	2025-03-02 18:00:00
24	1	2025-03-02 21:00:00
25	1	2025-03-03 00:00:00
26	1	2025-03-03 03:00:00
27	1	2025-03-03 06:00:00
28	1	2025-03-03 09:00:00
29	1	2025-03-03 12:00:00
30	1	2025-03-03 15:00:00
31	1	2025-03-03 18:00:00
32	1	2025-03-03 21:00:00
33	1	2025-03-04 00:00:00
34	1	2025-03-04 03:00:00
35	1	2025-03-04 06:00:00
36	1	2025-03-04 09:00:00
37	1	2025-03-04 12:00:00
38	1	2025-03-04 15:00:00
39	1	2025-03-04 18:00:00
40	1	2025-03-04 21:00:00
41	2	2025-02-28 00:00:00
42	2	2025-02-28 03:00:00
43	2	2025-02-28 06:00:00
44	2	2025-02-28 09:00:00
45	2	2025-02-28 12:00:00
46	2	2025-02-28 15:00:00
47	2	2025-02-28 18:00:00
48	2	2025-02-28 21:00:00
49	2	2025-03-01 00:00:00
50	2	2025-03-01 03:00:00
51	2	2025-03-01 06:00:00
52	2	2025-03-01 09:00:00
53	2	2025-03-01 12:00:00
54	2	2025-03-01 15:00:00
55	2	2025-03-01 18:00:00
56	2	2025-03-01 21:00:00
57	2	2025-03-02 00:00:00
58	2	2025-03-02 03:00:00
59	2	2025-03-02 06:00:00
60	2	2025-03-02 09:00:00
61	2	2025-03-02 12:00:00
62	2	2025-03-02 15:00:00
63	2	2025-03-02 18:00:00
64	2	2025-03-02 21:00:00
65	2	2025-03-03 00:00:00
66	2	2025-03-03 03:00:00
67	2	2025-03-03 06:00:00
68	2	2025-03-03 09:00:00
69	2	2025-03-03 12:00:00
70	2	2025-03-03 15:00:00
71	2	2025-03-03 18:00:00
72	2	2025-03-03 21:00:00
73	2	2025-03-04 00:00:00
74	2	2025-03-04 03:00:00
75	2	2025-03-04 06:00:00
76	2	2025-03-04 09:00:00
77	2	2025-03-04 12:00:00
78	2	2025-03-04 15:00:00
79	2	2025-03-04 18:00:00
80	2	2025-03-04 21:00:00
81	3	2025-02-28 00:00:00
82	3	2025-02-28 03:00:00
83	3	2025-02-28 06:00:00
84	3	2025-02-28 09:00:00
85	3	2025-02-28 12:00:00
86	3	2025-02-28 15:00:00
87	3	2025-02-28 18:00:00
88	3	2025-02-28 21:00:00
89	3	2025-03-01 00:00:00
90	3	2025-03-01 03:00:00
91	3	2025-03-01 06:00:00
92	3	2025-03-01 09:00:00
93	3	2025-03-01 12:00:00
94	3	2025-03-01 15:00:00
95	3	2025-03-01 18:00:00
96	3	2025-03-01 21:00:00
97	3	2025-03-02 00:00:00
98	3	2025-03-02 03:00:00
99	3	2025-03-02 06:00:00
100	3	2025-03-02 09:00:00
101	3	2025-03-02 12:00:00
102	3	2025-03-02 15:00:00
103	3	2025-03-02 18:00:00
104	3	2025-03-02 21:00:00
105	3	2025-03-03 00:00:00
106	3	2025-03-03 03:00:00
107	3	2025-03-03 06:00:00
108	3	2025-03-03 09:00:00
109	3	2025-03-03 12:00:00
110	3	2025-03-03 15:00:00
111	3	2025-03-03 18:00:00
112	3	2025-03-03 21:00:00
113	3	2025-03-04 00:00:00
114	3	2025-03-04 03:00:00
115	3	2025-03-04 06:00:00
116	3	2025-03-04 09:00:00
117	3	2025-03-04 12:00:00
118	3	2025-03-04 15:00:00
119	3	2025-03-04 18:00:00
120	3	2025-03-04 21:00:00
121	1	2025-03-05 00:00:00
122	1	2025-03-05 03:00:00
123	1	2025-03-05 06:00:00
124	1	2025-03-05 09:00:00
125	1	2025-03-05 12:00:00
126	1	2025-03-05 15:00:00
127	4	2025-02-28 18:00:00
128	4	2025-02-28 21:00:00
129	4	2025-03-01 00:00:00
130	4	2025-03-01 03:00:00
131	4	2025-03-01 06:00:00
132	4	2025-03-01 09:00:00
133	4	2025-03-01 12:00:00
134	4	2025-03-01 15:00:00
135	4	2025-03-01 18:00:00
136	4	2025-03-01 21:00:00
137	4	2025-03-02 00:00:00
138	4	2025-03-02 03:00:00
139	4	2025-03-02 06:00:00
140	4	2025-03-02 09:00:00
141	4	2025-03-02 12:00:00
142	4	2025-03-02 15:00:00
143	4	2025-03-02 18:00:00
144	4	2025-03-02 21:00:00
145	4	2025-03-03 00:00:00
146	4	2025-03-03 03:00:00
147	4	2025-03-03 06:00:00
148	4	2025-03-03 09:00:00
149	4	2025-03-03 12:00:00
150	4	2025-03-03 15:00:00
151	4	2025-03-03 18:00:00
152	4	2025-03-03 21:00:00
153	4	2025-03-04 00:00:00
154	4	2025-03-04 03:00:00
155	4	2025-03-04 06:00:00
156	4	2025-03-04 09:00:00
157	4	2025-03-04 12:00:00
158	4	2025-03-04 15:00:00
159	4	2025-03-04 18:00:00
160	4	2025-03-04 21:00:00
161	4	2025-03-05 00:00:00
162	4	2025-03-05 03:00:00
163	4	2025-03-05 06:00:00
164	4	2025-03-05 09:00:00
165	4	2025-03-05 12:00:00
166	4	2025-03-05 15:00:00
167	2	2025-03-05 00:00:00
168	2	2025-03-05 03:00:00
169	2	2025-03-05 06:00:00
170	2	2025-03-05 09:00:00
171	2	2025-03-05 12:00:00
172	2	2025-03-05 15:00:00
173	3	2025-03-05 00:00:00
174	3	2025-03-05 03:00:00
175	3	2025-03-05 06:00:00
176	3	2025-03-05 09:00:00
177	3	2025-03-05 12:00:00
178	3	2025-03-05 15:00:00
179	1	2025-03-05 18:00:00
180	2	2025-03-05 18:00:00
181	1	2025-03-05 21:00:00
182	1	2025-03-06 00:00:00
183	1	2025-03-06 03:00:00
184	1	2025-03-06 06:00:00
185	1	2025-03-06 09:00:00
186	1	2025-03-06 12:00:00
187	1	2025-03-06 15:00:00
188	1	2025-03-06 18:00:00
189	2	2025-03-05 21:00:00
190	2	2025-03-06 00:00:00
191	2	2025-03-06 03:00:00
192	2	2025-03-06 06:00:00
193	2	2025-03-06 09:00:00
194	2	2025-03-06 12:00:00
195	2	2025-03-06 15:00:00
196	2	2025-03-06 18:00:00
197	6	2025-03-01 21:00:00
198	6	2025-03-02 00:00:00
199	6	2025-03-02 03:00:00
200	6	2025-03-02 06:00:00
201	6	2025-03-02 09:00:00
202	6	2025-03-02 12:00:00
203	6	2025-03-02 15:00:00
204	6	2025-03-02 18:00:00
205	6	2025-03-02 21:00:00
206	6	2025-03-03 00:00:00
207	6	2025-03-03 03:00:00
208	6	2025-03-03 06:00:00
209	6	2025-03-03 09:00:00
210	6	2025-03-03 12:00:00
211	6	2025-03-03 15:00:00
212	6	2025-03-03 18:00:00
213	6	2025-03-03 21:00:00
214	6	2025-03-04 00:00:00
215	6	2025-03-04 03:00:00
216	6	2025-03-04 06:00:00
217	6	2025-03-04 09:00:00
218	6	2025-03-04 12:00:00
219	6	2025-03-04 15:00:00
220	6	2025-03-04 18:00:00
221	6	2025-03-04 21:00:00
222	6	2025-03-05 00:00:00
223	6	2025-03-05 03:00:00
224	6	2025-03-05 06:00:00
225	6	2025-03-05 09:00:00
226	6	2025-03-05 12:00:00
227	6	2025-03-05 15:00:00
228	6	2025-03-05 18:00:00
229	6	2025-03-05 21:00:00
230	6	2025-03-06 00:00:00
231	6	2025-03-06 03:00:00
232	6	2025-03-06 06:00:00
233	6	2025-03-06 09:00:00
234	6	2025-03-06 12:00:00
235	6	2025-03-06 15:00:00
236	6	2025-03-06 18:00:00
237	1	2025-03-06 21:00:00
238	1	2025-03-07 00:00:00
239	1	2025-03-07 03:00:00
240	1	2025-03-07 06:00:00
241	1	2025-03-07 09:00:00
242	1	2025-03-07 12:00:00
243	1	2025-03-07 15:00:00
244	1	2025-03-07 18:00:00
245	6	2025-03-06 21:00:00
246	6	2025-03-07 00:00:00
247	6	2025-03-07 03:00:00
248	6	2025-03-07 06:00:00
249	6	2025-03-07 09:00:00
250	6	2025-03-07 12:00:00
251	6	2025-03-07 15:00:00
252	6	2025-03-07 18:00:00
253	10	2025-03-02 21:00:00
254	10	2025-03-03 00:00:00
255	10	2025-03-03 03:00:00
256	10	2025-03-03 06:00:00
257	10	2025-03-03 09:00:00
258	10	2025-03-03 12:00:00
259	10	2025-03-03 15:00:00
260	10	2025-03-03 18:00:00
261	10	2025-03-03 21:00:00
262	10	2025-03-04 00:00:00
263	10	2025-03-04 03:00:00
264	10	2025-03-04 06:00:00
265	10	2025-03-04 09:00:00
266	10	2025-03-04 12:00:00
267	10	2025-03-04 15:00:00
268	10	2025-03-04 18:00:00
269	10	2025-03-04 21:00:00
270	10	2025-03-05 00:00:00
271	10	2025-03-05 03:00:00
272	10	2025-03-05 06:00:00
273	10	2025-03-05 09:00:00
274	10	2025-03-05 12:00:00
275	10	2025-03-05 15:00:00
276	10	2025-03-05 18:00:00
277	10	2025-03-05 21:00:00
278	10	2025-03-06 00:00:00
279	10	2025-03-06 03:00:00
280	10	2025-03-06 06:00:00
281	10	2025-03-06 09:00:00
282	10	2025-03-06 12:00:00
283	10	2025-03-06 15:00:00
284	10	2025-03-06 18:00:00
285	10	2025-03-06 21:00:00
286	10	2025-03-07 00:00:00
287	10	2025-03-07 03:00:00
288	10	2025-03-07 06:00:00
289	10	2025-03-07 09:00:00
290	10	2025-03-07 12:00:00
291	10	2025-03-07 15:00:00
292	10	2025-03-07 18:00:00
293	4	2025-03-05 18:00:00
294	4	2025-03-05 21:00:00
295	4	2025-03-06 00:00:00
296	4	2025-03-06 03:00:00
297	4	2025-03-06 06:00:00
298	4	2025-03-06 09:00:00
299	4	2025-03-06 12:00:00
300	4	2025-03-06 15:00:00
301	4	2025-03-06 18:00:00
302	4	2025-03-06 21:00:00
303	4	2025-03-07 00:00:00
304	4	2025-03-07 03:00:00
305	4	2025-03-07 06:00:00
306	4	2025-03-07 09:00:00
307	4	2025-03-07 12:00:00
308	4	2025-03-07 15:00:00
309	4	2025-03-07 18:00:00
310	2	2025-03-06 21:00:00
311	2	2025-03-07 00:00:00
312	2	2025-03-07 03:00:00
313	2	2025-03-07 06:00:00
314	2	2025-03-07 09:00:00
315	2	2025-03-07 12:00:00
316	2	2025-03-07 15:00:00
317	2	2025-03-07 18:00:00
318	3	2025-03-05 18:00:00
319	3	2025-03-05 21:00:00
320	3	2025-03-06 00:00:00
321	3	2025-03-06 03:00:00
322	3	2025-03-06 06:00:00
323	3	2025-03-06 09:00:00
324	3	2025-03-06 12:00:00
325	3	2025-03-06 15:00:00
326	3	2025-03-06 18:00:00
327	3	2025-03-06 21:00:00
328	3	2025-03-07 00:00:00
329	3	2025-03-07 03:00:00
330	3	2025-03-07 06:00:00
331	3	2025-03-07 09:00:00
332	3	2025-03-07 12:00:00
333	3	2025-03-07 15:00:00
334	3	2025-03-07 18:00:00
335	1	2025-03-07 21:00:00
336	2	2025-03-07 21:00:00
337	3	2025-03-07 21:00:00
338	6	2025-03-07 21:00:00
339	4	2025-03-07 21:00:00
340	10	2025-03-07 21:00:00
341	4	2025-03-08 00:00:00
342	4	2025-03-08 03:00:00
343	4	2025-03-08 06:00:00
344	4	2025-03-08 09:00:00
345	4	2025-03-08 12:00:00
346	4	2025-03-08 15:00:00
347	1	2025-03-08 00:00:00
348	1	2025-03-08 03:00:00
349	1	2025-03-08 06:00:00
350	1	2025-03-08 09:00:00
351	1	2025-03-08 12:00:00
352	1	2025-03-08 15:00:00
353	2	2025-03-08 00:00:00
354	2	2025-03-08 03:00:00
355	2	2025-03-08 06:00:00
356	2	2025-03-08 09:00:00
357	2	2025-03-08 12:00:00
358	2	2025-03-08 15:00:00
359	6	2025-03-08 00:00:00
360	6	2025-03-08 03:00:00
361	6	2025-03-08 06:00:00
362	6	2025-03-08 09:00:00
363	6	2025-03-08 12:00:00
364	6	2025-03-08 15:00:00
365	10	2025-03-08 00:00:00
366	10	2025-03-08 03:00:00
367	10	2025-03-08 06:00:00
368	10	2025-03-08 09:00:00
369	10	2025-03-08 12:00:00
370	10	2025-03-08 15:00:00
371	3	2025-03-08 00:00:00
372	3	2025-03-08 03:00:00
373	3	2025-03-08 06:00:00
374	3	2025-03-08 09:00:00
375	3	2025-03-08 12:00:00
376	3	2025-03-08 15:00:00
377	12	2025-03-03 18:00:00
378	12	2025-03-03 21:00:00
379	12	2025-03-04 00:00:00
380	12	2025-03-04 03:00:00
381	12	2025-03-04 06:00:00
382	12	2025-03-04 09:00:00
383	12	2025-03-04 12:00:00
384	12	2025-03-04 15:00:00
385	12	2025-03-04 18:00:00
386	12	2025-03-04 21:00:00
387	12	2025-03-05 00:00:00
388	12	2025-03-05 03:00:00
389	12	2025-03-05 06:00:00
390	12	2025-03-05 09:00:00
391	12	2025-03-05 12:00:00
392	12	2025-03-05 15:00:00
393	12	2025-03-05 18:00:00
394	12	2025-03-05 21:00:00
395	12	2025-03-06 00:00:00
396	12	2025-03-06 03:00:00
397	12	2025-03-06 06:00:00
398	12	2025-03-06 09:00:00
399	12	2025-03-06 12:00:00
400	12	2025-03-06 15:00:00
401	12	2025-03-06 18:00:00
402	12	2025-03-06 21:00:00
403	12	2025-03-07 00:00:00
404	12	2025-03-07 03:00:00
405	12	2025-03-07 06:00:00
406	12	2025-03-07 09:00:00
407	12	2025-03-07 12:00:00
408	12	2025-03-07 15:00:00
409	12	2025-03-07 18:00:00
410	12	2025-03-07 21:00:00
411	12	2025-03-08 00:00:00
412	12	2025-03-08 03:00:00
413	12	2025-03-08 06:00:00
414	12	2025-03-08 09:00:00
415	12	2025-03-08 12:00:00
416	12	2025-03-08 15:00:00
417	13	2025-03-03 18:00:00
418	13	2025-03-03 21:00:00
419	13	2025-03-04 00:00:00
420	13	2025-03-04 03:00:00
421	13	2025-03-04 06:00:00
422	13	2025-03-04 09:00:00
423	13	2025-03-04 12:00:00
424	13	2025-03-04 15:00:00
425	13	2025-03-04 18:00:00
426	13	2025-03-04 21:00:00
427	13	2025-03-05 00:00:00
428	13	2025-03-05 03:00:00
429	13	2025-03-05 06:00:00
430	13	2025-03-05 09:00:00
431	13	2025-03-05 12:00:00
432	13	2025-03-05 15:00:00
433	13	2025-03-05 18:00:00
434	13	2025-03-05 21:00:00
435	13	2025-03-06 00:00:00
436	13	2025-03-06 03:00:00
437	13	2025-03-06 06:00:00
438	13	2025-03-06 09:00:00
439	13	2025-03-06 12:00:00
440	13	2025-03-06 15:00:00
441	13	2025-03-06 18:00:00
442	13	2025-03-06 21:00:00
443	13	2025-03-07 00:00:00
444	13	2025-03-07 03:00:00
445	13	2025-03-07 06:00:00
446	13	2025-03-07 09:00:00
447	13	2025-03-07 12:00:00
448	13	2025-03-07 15:00:00
449	13	2025-03-07 18:00:00
450	13	2025-03-07 21:00:00
451	13	2025-03-08 00:00:00
452	13	2025-03-08 03:00:00
453	13	2025-03-08 06:00:00
454	13	2025-03-08 09:00:00
455	13	2025-03-08 12:00:00
456	13	2025-03-08 15:00:00
457	14	2025-03-03 18:00:00
458	14	2025-03-03 21:00:00
459	14	2025-03-04 00:00:00
460	14	2025-03-04 03:00:00
461	14	2025-03-04 06:00:00
462	14	2025-03-04 09:00:00
463	14	2025-03-04 12:00:00
464	14	2025-03-04 15:00:00
465	14	2025-03-04 18:00:00
466	14	2025-03-04 21:00:00
467	14	2025-03-05 00:00:00
468	14	2025-03-05 03:00:00
469	14	2025-03-05 06:00:00
470	14	2025-03-05 09:00:00
471	14	2025-03-05 12:00:00
472	14	2025-03-05 15:00:00
473	14	2025-03-05 18:00:00
474	14	2025-03-05 21:00:00
475	14	2025-03-06 00:00:00
476	14	2025-03-06 03:00:00
477	14	2025-03-06 06:00:00
478	14	2025-03-06 09:00:00
479	14	2025-03-06 12:00:00
480	14	2025-03-06 15:00:00
481	14	2025-03-06 18:00:00
482	14	2025-03-06 21:00:00
483	14	2025-03-07 00:00:00
484	14	2025-03-07 03:00:00
485	14	2025-03-07 06:00:00
486	14	2025-03-07 09:00:00
487	14	2025-03-07 12:00:00
488	14	2025-03-07 15:00:00
489	14	2025-03-07 18:00:00
490	14	2025-03-07 21:00:00
491	14	2025-03-08 00:00:00
492	14	2025-03-08 03:00:00
493	14	2025-03-08 06:00:00
494	14	2025-03-08 09:00:00
495	14	2025-03-08 12:00:00
496	14	2025-03-08 15:00:00
497	15	2025-03-03 21:00:00
498	15	2025-03-04 00:00:00
499	15	2025-03-04 03:00:00
500	15	2025-03-04 06:00:00
501	15	2025-03-04 09:00:00
502	15	2025-03-04 12:00:00
503	15	2025-03-04 15:00:00
504	15	2025-03-04 18:00:00
505	15	2025-03-04 21:00:00
506	15	2025-03-05 00:00:00
507	15	2025-03-05 03:00:00
508	15	2025-03-05 06:00:00
509	15	2025-03-05 09:00:00
510	15	2025-03-05 12:00:00
511	15	2025-03-05 15:00:00
512	15	2025-03-05 18:00:00
513	15	2025-03-05 21:00:00
514	15	2025-03-06 00:00:00
515	15	2025-03-06 03:00:00
516	15	2025-03-06 06:00:00
517	15	2025-03-06 09:00:00
518	15	2025-03-06 12:00:00
519	15	2025-03-06 15:00:00
520	15	2025-03-06 18:00:00
521	15	2025-03-06 21:00:00
522	15	2025-03-07 00:00:00
523	15	2025-03-07 03:00:00
524	15	2025-03-07 06:00:00
525	15	2025-03-07 09:00:00
526	15	2025-03-07 12:00:00
527	15	2025-03-07 15:00:00
528	15	2025-03-07 18:00:00
529	15	2025-03-07 21:00:00
530	15	2025-03-08 00:00:00
531	15	2025-03-08 03:00:00
532	15	2025-03-08 06:00:00
533	15	2025-03-08 09:00:00
534	15	2025-03-08 12:00:00
535	15	2025-03-08 15:00:00
536	15	2025-03-08 18:00:00
537	16	2025-03-03 21:00:00
538	16	2025-03-04 00:00:00
539	16	2025-03-04 03:00:00
540	16	2025-03-04 06:00:00
541	16	2025-03-04 09:00:00
542	16	2025-03-04 12:00:00
543	16	2025-03-04 15:00:00
544	16	2025-03-04 18:00:00
545	16	2025-03-04 21:00:00
546	16	2025-03-05 00:00:00
547	16	2025-03-05 03:00:00
548	16	2025-03-05 06:00:00
549	16	2025-03-05 09:00:00
550	16	2025-03-05 12:00:00
551	16	2025-03-05 15:00:00
552	16	2025-03-05 18:00:00
553	16	2025-03-05 21:00:00
554	16	2025-03-06 00:00:00
555	16	2025-03-06 03:00:00
556	16	2025-03-06 06:00:00
557	16	2025-03-06 09:00:00
558	16	2025-03-06 12:00:00
559	16	2025-03-06 15:00:00
560	16	2025-03-06 18:00:00
561	16	2025-03-06 21:00:00
562	16	2025-03-07 00:00:00
563	16	2025-03-07 03:00:00
564	16	2025-03-07 06:00:00
565	16	2025-03-07 09:00:00
566	16	2025-03-07 12:00:00
567	16	2025-03-07 15:00:00
568	16	2025-03-07 18:00:00
569	16	2025-03-07 21:00:00
570	16	2025-03-08 00:00:00
571	16	2025-03-08 03:00:00
572	16	2025-03-08 06:00:00
573	16	2025-03-08 09:00:00
574	16	2025-03-08 12:00:00
575	16	2025-03-08 15:00:00
576	16	2025-03-08 18:00:00
577	1	2025-03-08 18:00:00
578	2	2025-03-08 18:00:00
579	17	2025-03-03 21:00:00
580	17	2025-03-04 00:00:00
581	17	2025-03-04 03:00:00
582	17	2025-03-04 06:00:00
583	17	2025-03-04 09:00:00
584	17	2025-03-04 12:00:00
585	17	2025-03-04 15:00:00
586	17	2025-03-04 18:00:00
587	17	2025-03-04 21:00:00
588	17	2025-03-05 00:00:00
589	17	2025-03-05 03:00:00
590	17	2025-03-05 06:00:00
591	17	2025-03-05 09:00:00
592	17	2025-03-05 12:00:00
593	17	2025-03-05 15:00:00
594	17	2025-03-05 18:00:00
595	17	2025-03-05 21:00:00
596	17	2025-03-06 00:00:00
597	17	2025-03-06 03:00:00
598	17	2025-03-06 06:00:00
599	17	2025-03-06 09:00:00
600	17	2025-03-06 12:00:00
601	17	2025-03-06 15:00:00
602	17	2025-03-06 18:00:00
603	17	2025-03-06 21:00:00
604	17	2025-03-07 00:00:00
605	17	2025-03-07 03:00:00
606	17	2025-03-07 06:00:00
607	17	2025-03-07 09:00:00
608	17	2025-03-07 12:00:00
609	17	2025-03-07 15:00:00
610	17	2025-03-07 18:00:00
611	17	2025-03-07 21:00:00
612	17	2025-03-08 00:00:00
613	17	2025-03-08 03:00:00
614	17	2025-03-08 06:00:00
615	17	2025-03-08 09:00:00
616	17	2025-03-08 12:00:00
617	17	2025-03-08 15:00:00
618	17	2025-03-08 18:00:00
\.


--
-- Data for Name: history; Type: TABLE DATA; Schema: public; Owner: postgres
--

COPY public.history (operationid, operationdate, cityname, datetime, temperature, conditions) FROM stdin;
1	2025-03-03 01:00:41.052794	Лондон	2025-03-03 03:00:00	4.11	clear sky
2	2025-03-03 01:00:42.135954	Лондон	2025-03-03 03:00:00	4.11	clear sky
3	2025-03-03 01:03:06.176221	Москва	2025-03-03 03:00:00	-2.89	overcast clouds
4	2025-03-03 01:03:06.219974	Москва	2025-03-03 03:00:00	-2.89	overcast clouds
5	2025-03-03 01:08:47.084861	Пекин	2025-03-03 03:00:00	6.27	broken clouds
6	2025-03-03 01:08:47.128197	Пекин	2025-03-03 03:00:00	6.27	broken clouds
7	2025-03-03 01:20:13.050266	Лондон	2025-03-03 00:00:00	5.19	clear sky
8	2025-03-03 01:20:13.084242	Лондон	2025-03-03 03:00:00	4.11	clear sky
9	2025-03-03 01:20:13.089192	Лондон	2025-03-03 06:00:00	3.40	clear sky
10	2025-03-03 01:20:13.093	Лондон	2025-03-03 09:00:00	5.61	clear sky
11	2025-03-03 01:20:13.09562	Лондон	2025-03-03 12:00:00	9.67	clear sky
12	2025-03-03 01:20:13.097672	Лондон	2025-03-03 15:00:00	11.25	scattered clouds
13	2025-03-03 01:20:13.09984	Лондон	2025-03-03 18:00:00	9.15	broken clouds
14	2025-03-03 01:20:13.102042	Лондон	2025-03-03 21:00:00	7.23	broken clouds
15	2025-03-03 01:27:01.797	Москва	2025-03-03 12:00:00	1.37	overcast clouds
16	2025-03-03 01:27:01.817793	Москва	2025-03-03 12:00:00	0.58	overcast clouds
17	2025-03-03 01:27:01.821833	Москва	2025-03-04 12:00:00	0.89	light snow
18	2025-03-03 01:27:01.824951	Москва	2025-03-04 12:00:00	-0.47	light snow
19	2025-03-03 01:27:01.830486	Москва	2025-03-05 12:00:00	1.18	overcast clouds
20	2025-03-03 01:27:01.832321	Москва	2025-03-05 12:00:00	0.58	light snow
21	2025-03-03 01:33:36.887751	Париж	2025-03-03 12:00:00	9.72	clear sky
22	2025-03-03 01:33:36.912339	Париж	2025-03-03 12:00:00	6.58	broken clouds
23	2025-03-03 01:33:36.915866	Париж	2025-03-04 12:00:00	11.58	scattered clouds
24	2025-03-03 01:33:36.919005	Париж	2025-03-04 12:00:00	7.49	clear sky
25	2025-03-03 01:33:36.921644	Париж	2025-03-05 12:00:00	13.25	clear sky
26	2025-03-03 01:33:36.92375	Париж	2025-03-05 12:00:00	8.34	clear sky
27	2025-03-03 01:33:36.926664	Париж	2025-03-06 12:00:00	15.35	clear sky
28	2025-03-03 01:33:36.928589	Париж	2025-03-06 12:00:00	10.70	broken clouds
29	2025-03-03 01:33:36.930551	Париж	2025-03-07 12:00:00	12.85	overcast clouds
30	2025-03-03 01:36:24.996633	Париж	2025-03-03 12:00:00	9.72	clear sky
31	2025-03-03 01:36:25.020224	Париж	2025-03-03 12:00:00	6.58	broken clouds
32	2025-03-03 01:36:25.02487	Париж	2025-03-04 12:00:00	11.58	scattered clouds
33	2025-03-03 01:36:25.02794	Париж	2025-03-04 12:00:00	7.49	clear sky
34	2025-03-03 01:36:25.032147	Париж	2025-03-05 12:00:00	13.25	clear sky
35	2025-03-03 01:36:25.034408	Париж	2025-03-05 12:00:00	8.34	clear sky
36	2025-03-03 01:36:25.037709	Париж	2025-03-06 12:00:00	15.35	clear sky
37	2025-03-03 01:36:25.039979	Париж	2025-03-06 12:00:00	10.70	broken clouds
38	2025-03-03 01:36:25.042009	Париж	2025-03-07 12:00:00	12.85	overcast clouds
39	2025-03-03 01:37:09.78485	Лондон	2025-03-03 12:00:00	9.67	clear sky
40	2025-03-03 01:37:09.808837	Лондон	2025-03-03 12:00:00	6.06	scattered clouds
41	2025-03-03 01:37:09.814047	Лондон	2025-03-04 12:00:00	11.48	scattered clouds
42	2025-03-03 01:37:09.816633	Лондон	2025-03-04 12:00:00	5.78	scattered clouds
43	2025-03-03 01:37:09.81965	Лондон	2025-03-05 12:00:00	11.63	scattered clouds
44	2025-03-03 01:37:09.821345	Лондон	2025-03-05 12:00:00	7.27	clear sky
45	2025-03-03 01:37:09.823197	Лондон	2025-03-06 12:00:00	13.40	clear sky
46	2025-03-03 01:37:09.824554	Лондон	2025-03-06 12:00:00	10.68	broken clouds
47	2025-03-03 01:37:09.826911	Лондон	2025-03-07 12:00:00	11.61	overcast clouds
48	2025-03-03 02:19:33.135785	Пекин	2025-02-28 00:00:00	-5.06	clear sky
49	2025-03-03 02:19:33.157484	Пекин	2025-02-28 00:00:00	11.99	scattered clouds
50	2025-03-03 02:19:33.161842	Пекин	2025-03-01 00:00:00	7.09	broken clouds
51	2025-03-03 02:19:33.16742	Пекин	2025-03-01 00:00:00	13.15	broken clouds
52	2025-03-03 02:19:33.170443	Пекин	2025-03-02 00:00:00	8.03	light rain
53	2025-03-03 02:19:33.172759	Пекин	2025-03-02 00:00:00	8.78	overcast clouds
54	2025-03-03 02:19:33.174761	Пекин	2025-03-03 00:00:00	3.58	broken clouds
55	2025-03-03 02:19:33.176242	Пекин	2025-03-03 00:00:00	7.10	overcast clouds
56	2025-03-03 02:19:33.177851	Пекин	2025-03-04 00:00:00	2.14	broken clouds
57	2025-03-03 02:19:33.179506	Пекин	2025-03-04 00:00:00	7.89	few clouds
58	2025-03-03 02:27:17.93745	Ярославль	2025-03-03 00:00:00	-4.01	overcast clouds
59	2025-03-03 02:27:17.95779	Ярославль	2025-03-03 00:00:00	-0.39	overcast clouds
60	2025-03-03 02:27:17.961905	Ярославль	2025-03-04 00:00:00	-2.52	overcast clouds
61	2025-03-03 02:27:17.964496	Ярославль	2025-03-04 00:00:00	1.53	overcast clouds
62	2025-03-03 02:27:17.966863	Ярославль	2025-03-05 00:00:00	-0.99	snow
63	2025-03-03 02:27:17.969224	Ярославль	2025-03-05 00:00:00	0.20	light snow
91	2025-03-03 20:01:41.13628	Лондон	2025-03-03 21:00:00	7.23	broken clouds
92	2025-03-03 20:01:41.180953	Лондон	2025-03-03 21:00:00	7.23	broken clouds
93	2025-03-03 20:22:47.113504	Франкфурт	2025-03-04 00:00:00	4.15	broken clouds
94	2025-03-03 20:22:47.133545	Франкфурт	2025-03-04 00:00:00	5.98	light rain
95	2025-03-03 20:22:47.137798	Франкфурт	2025-03-05 00:00:00	6.97	light rain
96	2025-03-03 20:22:47.139914	Франкфурт	2025-03-05 00:00:00	8.11	light rain
97	2025-03-03 20:22:47.143925	Франкфурт	2025-03-06 00:00:00	0.17	light snow
98	2025-03-03 20:22:47.146302	Франкфурт	2025-03-06 00:00:00	-3.35	broken clouds
99	2025-03-03 20:23:34.821545	Москва	2025-02-28 00:00:00	-5.51	clear sky
100	2025-03-03 20:23:34.849108	Москва	2025-02-28 00:00:00	-0.03	few clouds
101	2025-03-03 20:23:34.855328	Москва	2025-03-01 00:00:00	-4.84	overcast clouds
102	2025-03-03 20:23:34.857943	Москва	2025-03-01 00:00:00	0.59	overcast clouds
103	2025-03-03 20:23:34.860713	Москва	2025-03-02 00:00:00	-3.05	overcast clouds
104	2025-03-03 20:23:34.862454	Москва	2025-03-02 00:00:00	-0.75	light snow
105	2025-03-03 20:23:34.864358	Москва	2025-03-03 00:00:00	-3.20	overcast clouds
106	2025-03-03 20:23:34.865792	Москва	2025-03-03 00:00:00	1.37	overcast clouds
107	2025-03-03 20:23:34.867828	Москва	2025-03-04 00:00:00	0.58	overcast clouds
108	2025-03-03 20:23:34.869742	Москва	2025-03-04 00:00:00	0.89	light snow
109	2025-03-03 20:25:55.612817	Дублин	2025-03-04 00:00:00	10.54	few clouds
110	2025-03-03 20:25:55.636197	Дублин	2025-03-04 00:00:00	7.00	overcast clouds
111	2025-03-03 20:25:55.640666	Дублин	2025-03-05 00:00:00	13.96	overcast clouds
112	2025-03-03 20:25:55.643447	Дублин	2025-03-05 00:00:00	8.03	light rain
113	2025-03-03 20:25:55.646721	Дублин	2025-03-06 00:00:00	7.96	moderate rain
114	2025-03-03 20:25:55.648559	Дублин	2025-03-06 00:00:00	4.43	broken clouds
115	2025-03-03 20:36:13.884734	Лондон	2025-03-03 21:00:00	7.23	broken clouds
116	2025-03-03 20:46:34.24474	Лондон	2025-03-03 21:00:00	7.23	broken clouds
117	2025-03-03 20:47:41.449168	Лондон	2025-03-03 21:00:00	7.23	broken clouds
118	2025-03-03 20:47:42.795557	Лондон	2025-03-03 21:00:00	7.23	broken clouds
119	2025-03-03 20:50:31.964234	Лондон	2025-03-03 21:00:00	7.23	broken clouds
120	2025-03-03 20:50:32.006471	Лондон	2025-03-03 21:00:00	7.23	broken clouds
121	2025-03-03 20:57:57.919061	Лион	2025-03-03 21:00:00	10.06	scattered clouds
122	2025-03-03 20:57:57.963036	Лион	2025-03-03 21:00:00	10.06	scattered clouds
123	2025-03-03 20:59:29.099371	Париж	2025-03-03 21:00:00	7.83	broken clouds
124	2025-03-03 20:59:29.144254	Париж	2025-03-03 21:00:00	7.83	broken clouds
125	2025-03-03 21:19:02.097547	Манчестер	2025-03-04 00:00:00	7.41	overcast clouds
126	2025-03-03 21:19:02.141948	Манчестер	2025-03-04 00:00:00	7.41	overcast clouds
127	2025-03-03 21:24:59.497788	Монако	2025-03-04 00:00:00	13.29	few clouds
128	2025-03-03 21:26:49.382372	Монако	2025-03-04 00:00:00	13.29	few clouds
129	2025-03-03 21:27:53.791183	Монако	2025-03-04 00:00:00	13.29	few clouds
130	2025-03-03 21:28:09.664622	Монако	2025-03-03 21:00:00	14.15	few clouds
131	2025-03-03 21:28:55.854748	Монако	2025-03-04 00:00:00	13.29	few clouds
132	2025-03-03 21:28:55.880534	Монако	2025-03-04 00:00:00	12.13	broken clouds
133	2025-03-03 21:28:55.884575	Монако	2025-03-05 00:00:00	12.58	overcast clouds
134	2025-03-03 21:28:55.889781	Монако	2025-03-05 00:00:00	13.09	broken clouds
135	2025-03-03 21:28:55.893118	Монако	2025-03-06 00:00:00	12.44	clear sky
136	2025-03-03 21:28:55.895081	Монако	2025-03-06 00:00:00	13.93	broken clouds
137	2025-03-03 21:29:02.052879	Монако	2025-03-04 00:00:00	13.29	few clouds
138	2025-03-03 21:29:02.076238	Монако	2025-03-04 00:00:00	12.13	broken clouds
139	2025-03-03 21:29:02.081109	Монако	2025-03-05 00:00:00	12.58	overcast clouds
140	2025-03-03 21:29:02.083876	Монако	2025-03-05 00:00:00	13.09	broken clouds
141	2025-03-03 21:29:02.086355	Монако	2025-03-06 00:00:00	12.44	clear sky
142	2025-03-03 21:29:02.088013	Монако	2025-03-06 00:00:00	13.93	broken clouds
143	2025-03-03 21:29:02.090297	Монако	2025-03-07 00:00:00	13.27	overcast clouds
144	2025-03-03 21:29:02.091949	Монако	2025-03-07 00:00:00	13.90	overcast clouds
145	2025-03-03 21:29:02.094063	Монако	2025-03-08 00:00:00	14.07	overcast clouds
146	2025-03-03 21:29:02.095925	Монако	2025-03-08 00:00:00	12.96	broken clouds
147	2025-03-03 21:29:10.732867	Лондон	2025-03-03 00:00:00	5.19	clear sky
148	2025-03-03 21:29:10.762951	Лондон	2025-03-03 03:00:00	4.11	clear sky
149	2025-03-03 21:29:10.770186	Лондон	2025-03-03 06:00:00	3.40	clear sky
150	2025-03-03 21:29:10.773723	Лондон	2025-03-03 09:00:00	5.61	clear sky
151	2025-03-03 21:29:10.777605	Лондон	2025-03-03 12:00:00	9.67	clear sky
152	2025-03-03 21:29:10.780693	Лондон	2025-03-03 15:00:00	11.25	scattered clouds
153	2025-03-03 21:29:10.783436	Лондон	2025-03-03 18:00:00	9.15	broken clouds
154	2025-03-03 21:29:10.78631	Лондон	2025-03-03 21:00:00	7.23	broken clouds
155	2025-03-03 21:29:17.544396	Монако	2025-03-03 21:00:00	14.15	few clouds
156	2025-03-03 21:29:44.264968	Москва	2025-03-03 00:00:00	-3.20	overcast clouds
157	2025-03-03 21:29:44.299033	Москва	2025-03-03 03:00:00	-2.89	overcast clouds
158	2025-03-03 21:29:44.303902	Москва	2025-03-03 06:00:00	-2.92	broken clouds
159	2025-03-03 21:29:44.306541	Москва	2025-03-03 09:00:00	-0.56	overcast clouds
160	2025-03-03 21:29:44.310039	Москва	2025-03-03 12:00:00	1.37	overcast clouds
161	2025-03-03 21:29:44.312697	Москва	2025-03-03 15:00:00	0.18	overcast clouds
162	2025-03-03 21:29:44.315048	Москва	2025-03-03 18:00:00	0.10	overcast clouds
163	2025-03-03 21:29:44.317117	Москва	2025-03-03 21:00:00	0.22	overcast clouds
164	2025-03-03 21:34:21.236103	Лондон	2025-03-03 00:00:00	5.19	clear sky
165	2025-03-03 21:34:21.283635	Лондон	2025-03-03 03:00:00	4.11	clear sky
166	2025-03-03 21:34:21.292438	Лондон	2025-03-03 06:00:00	3.40	clear sky
167	2025-03-03 21:34:21.297218	Лондон	2025-03-03 09:00:00	5.61	clear sky
168	2025-03-03 21:34:21.302105	Лондон	2025-03-03 12:00:00	9.67	clear sky
169	2025-03-03 21:34:21.306471	Лондон	2025-03-03 15:00:00	11.25	scattered clouds
170	2025-03-03 21:34:21.312428	Лондон	2025-03-03 18:00:00	9.15	broken clouds
171	2025-03-03 21:34:21.315871	Лондон	2025-03-03 21:00:00	7.23	broken clouds
172	2025-03-03 21:49:31.648906	Монако	2025-03-04 00:00:00	13.29	few clouds
173	2025-03-03 21:49:31.675751	Монако	2025-03-04 00:00:00	12.13	broken clouds
174	2025-03-03 21:49:31.680242	Монако	2025-03-05 00:00:00	12.58	overcast clouds
175	2025-03-03 21:49:31.68311	Монако	2025-03-05 00:00:00	13.09	broken clouds
176	2025-03-03 21:49:31.686558	Монако	2025-03-06 00:00:00	12.44	clear sky
177	2025-03-03 21:49:31.688771	Монако	2025-03-06 00:00:00	13.93	broken clouds
178	2025-03-03 21:49:31.690814	Монако	2025-03-07 00:00:00	13.27	overcast clouds
179	2025-03-03 21:49:31.69246	Монако	2025-03-07 00:00:00	13.90	overcast clouds
180	2025-03-03 21:49:31.694458	Монако	2025-03-08 00:00:00	14.07	overcast clouds
181	2025-03-03 21:49:31.696418	Монако	2025-03-08 00:00:00	12.96	broken clouds
182	2025-03-03 21:54:15.359097	Лондон	2025-03-04 00:00:00	6.06	scattered clouds
183	2025-03-03 21:54:28.974589	Лондон	2025-03-04 00:00:00	6.06	scattered clouds
184	2025-03-03 21:57:35.402351	Лондон	2025-03-04 00:00:00	6.06	scattered clouds
185	2025-03-03 21:57:35.437478	Лондон	2025-03-04 03:00:00	5.16	few clouds
186	2025-03-03 21:57:35.442869	Лондон	2025-03-04 06:00:00	4.68	scattered clouds
187	2025-03-03 21:57:35.44613	Лондон	2025-03-04 09:00:00	6.95	broken clouds
188	2025-03-03 21:57:35.450334	Лондон	2025-03-04 12:00:00	11.48	scattered clouds
189	2025-03-03 21:57:35.454058	Лондон	2025-03-04 15:00:00	13.23	clear sky
190	2025-03-03 21:57:35.457112	Лондон	2025-03-04 18:00:00	10.85	clear sky
191	2025-03-03 21:57:35.460109	Лондон	2025-03-04 21:00:00	8.83	broken clouds
192	2025-03-03 21:58:38.594897	Лондон	2025-02-28 00:00:00	2.97	clear sky
193	2025-03-03 21:58:38.616897	Лондон	2025-02-28 00:00:00	4.32	clear sky
194	2025-03-03 21:58:38.62357	Лондон	2025-03-01 12:00:00	8.48	clear sky
195	2025-03-03 21:58:38.62764	Лондон	2025-03-01 12:00:00	4.99	overcast clouds
196	2025-03-03 21:58:38.63052	Лондон	2025-03-02 12:00:00	8.85	clear sky
197	2025-03-03 21:58:38.632379	Лондон	2025-03-02 12:00:00	5.19	clear sky
198	2025-03-03 21:59:08.968419	Брюссель	2025-03-04 00:00:00	4.38	few clouds
199	2025-03-03 21:59:17.791119	Брюссель	2025-03-04 00:00:00	4.38	few clouds
200	2025-03-03 21:59:17.826988	Брюссель	2025-03-04 03:00:00	3.60	overcast clouds
201	2025-03-03 21:59:17.834977	Брюссель	2025-03-04 06:00:00	3.06	overcast clouds
202	2025-03-03 21:59:17.839472	Брюссель	2025-03-04 09:00:00	6.60	overcast clouds
203	2025-03-03 21:59:17.842872	Брюссель	2025-03-04 12:00:00	11.46	broken clouds
204	2025-03-03 21:59:17.846857	Брюссель	2025-03-04 15:00:00	12.52	few clouds
205	2025-03-03 21:59:17.850429	Брюссель	2025-03-04 18:00:00	7.87	clear sky
206	2025-03-03 21:59:17.853979	Брюссель	2025-03-04 21:00:00	6.31	clear sky
207	2025-03-03 21:59:29.239666	Брюссель	2025-03-04 00:00:00	4.38	few clouds
208	2025-03-03 21:59:29.268542	Брюссель	2025-03-04 00:00:00	11.46	broken clouds
209	2025-03-03 21:59:29.272127	Брюссель	2025-03-05 00:00:00	5.09	clear sky
210	2025-03-03 21:59:29.274918	Брюссель	2025-03-05 00:00:00	12.27	clear sky
211	2025-03-03 21:59:29.278946	Брюссель	2025-03-06 00:00:00	5.77	clear sky
212	2025-03-03 21:59:29.28139	Брюссель	2025-03-06 00:00:00	13.85	overcast clouds
213	2025-03-03 21:59:38.011055	Брюссель	2025-03-04 00:00:00	4.38	few clouds
214	2025-03-03 21:59:38.038887	Брюссель	2025-03-04 00:00:00	11.46	broken clouds
215	2025-03-03 21:59:38.042177	Брюссель	2025-03-05 00:00:00	5.09	clear sky
216	2025-03-03 21:59:38.044371	Брюссель	2025-03-05 00:00:00	12.27	clear sky
217	2025-03-03 21:59:38.046755	Брюссель	2025-03-06 00:00:00	5.77	clear sky
218	2025-03-03 21:59:38.049114	Брюссель	2025-03-06 00:00:00	13.85	overcast clouds
219	2025-03-03 21:59:38.052957	Брюссель	2025-03-07 00:00:00	8.24	few clouds
220	2025-03-03 21:59:38.054537	Брюссель	2025-03-07 00:00:00	15.29	broken clouds
221	2025-03-03 21:59:38.05636	Брюссель	2025-03-08 00:00:00	8.66	broken clouds
222	2025-03-03 21:59:38.057675	Брюссель	2025-03-08 00:00:00	15.87	overcast clouds
\.


--
-- Data for Name: information; Type: TABLE DATA; Schema: public; Owner: postgres
--

COPY public.information (informationid, temperature, feelslike, pressure, humidity, conditions, clouds, windspeed, visibility, pop) FROM stdin;
1	2.97	1.79	770.25	85	clear sky	5	1.39	10000	0
2	3.05	1.75	770.25	83	clear sky	3	1.48	10000	0
3	2.71	2.71	771.00	81	clear sky	4	1.09	10000	0
4	4.43	4.43	772.50	71	clear sky	6	1.23	10000	0
5	8.05	7.31	772.50	55	clear sky	5	1.60	10000	0
6	9.21	8.42	771.75	44	clear sky	6	1.83	10000	0
7	7.24	6.45	772.50	56	clear sky	6	1.54	10000	0
8	5.60	4.48	773.25	67	clear sky	4	1.62	10000	0
9	4.32	4.32	774.00	80	clear sky	5	1.20	10000	0
10	3.51	3.51	774.00	84	clear sky	4	0.97	10000	0
11	2.88	2.88	774.75	84	clear sky	2	1.15	10000	0
12	4.87	4.87	776.25	73	clear sky	0	0.83	10000	0
13	8.48	7.79	776.25	52	clear sky	0	1.62	10000	0
14	9.81	9.06	775.50	42	clear sky	4	1.89	10000	0
15	7.74	6.79	776.25	53	clear sky	9	1.76	10000	0
16	6.05	5.23	777.00	65	broken clouds	83	1.43	10000	0
17	4.99	4.99	777.00	70	overcast clouds	90	0.75	10000	0
18	4.39	3.46	777.00	74	overcast clouds	100	1.35	10000	0
19	3.47	3.47	776.25	80	broken clouds	68	0.89	10000	0
20	5.33	5.33	777.00	72	clear sky	5	0.78	10000	0
21	8.85	8.85	776.25	54	clear sky	2	0.96	10000	0
22	10.14	8.31	774.75	42	clear sky	1	0.43	10000	0
23	8.40	8.40	774.75	48	clear sky	0	0.42	10000	0
24	6.65	6.65	774.75	58	clear sky	0	0.65	10000	0
25	5.19	4.10	774.00	67	clear sky	0	1.55	10000	0
26	4.11	2.92	774.00	76	clear sky	0	1.51	10000	0
27	3.40	2.24	773.25	81	clear sky	0	1.42	10000	0
28	5.61	4.66	774.00	66	clear sky	0	1.49	10000	0
29	9.67	9.26	773.25	50	clear sky	0	1.51	10000	0
30	11.25	9.71	772.50	49	scattered clouds	43	1.27	10000	0
31	9.15	8.49	771.75	64	broken clouds	72	1.68	10000	0
32	7.23	7.23	772.50	78	broken clouds	72	1.23	10000	0
33	6.06	5.37	771.75	82	scattered clouds	43	1.34	10000	0
34	5.16	4.00	771.75	85	few clouds	17	1.60	10000	0
35	4.68	3.53	772.50	85	scattered clouds	46	1.54	10000	0
36	6.95	5.82	772.50	72	broken clouds	59	1.82	10000	0
37	11.48	10.15	772.50	56	scattered clouds	30	1.69	10000	0
38	13.23	11.99	771.75	53	clear sky	2	1.69	10000	0
39	10.85	9.71	771.75	66	clear sky	1	1.50	10000	0
40	8.83	7.99	772.50	80	broken clouds	57	1.82	10000	0
41	-5.51	-5.51	771.00	93	clear sky	10	0.57	10000	0
42	-6.52	-6.52	771.00	94	clear sky	10	1.12	10000	0
43	-6.18	-6.18	771.00	87	few clouds	11	1.23	10000	0
44	-1.81	-3.97	771.00	69	clear sky	2	1.59	10000	0
45	-0.03	-2.26	771.00	68	few clouds	15	1.82	10000	0
46	-3.32	-5.61	771.00	89	broken clouds	83	1.54	10000	0
47	-4.08	-6.72	771.00	89	overcast clouds	91	1.68	10000	0
48	-4.38	-7.46	771.00	92	overcast clouds	100	1.93	10000	0
49	-4.84	-7.76	771.00	95	overcast clouds	100	1.78	10000	0
50	-5.66	-8.83	771.00	96	scattered clouds	50	1.86	10000	0
51	-4.45	-7.77	771.00	92	broken clouds	53	2.09	10000	0
52	-0.93	-4.39	770.25	77	overcast clouds	90	2.76	10000	0
53	0.59	-2.27	769.50	71	overcast clouds	95	2.45	10000	0
54	-2.08	-4.50	769.50	84	overcast clouds	100	1.73	10000	0
55	-2.36	-5.69	768.75	83	overcast clouds	100	2.39	10000	0
56	-2.75	-5.53	768.00	87	overcast clouds	100	1.91	10000	0
57	-3.05	-5.47	767.25	90	overcast clouds	100	1.64	10000	0
58	-3.65	-6.13	766.50	97	light snow	99	1.62	495	100
59	-3.20	-5.28	765.75	94	light snow	98	1.43	659	39
60	-1.35	-1.35	765.00	86	light snow	99	1.22	7410	20
61	-0.75	-0.75	763.50	88	light snow	99	1.12	4104	20
62	-1.89	-1.89	763.50	98	overcast clouds	99	0.85	5651	0
63	-1.94	-3.83	762.75	97	overcast clouds	99	1.42	10000	0
64	-2.76	-5.40	762.00	98	overcast clouds	100	1.81	10000	0
65	-3.20	-6.68	762.00	97	overcast clouds	95	2.39	5334	0
66	-2.89	-6.61	761.25	96	overcast clouds	95	2.65	10000	0
67	-2.92	-7.41	760.50	92	broken clouds	79	3.44	10000	0
68	-0.56	-5.03	759.00	85	overcast clouds	86	4.09	10000	0
69	1.37	-3.40	757.50	78	overcast clouds	93	5.36	10000	0
70	0.18	-4.77	756.75	86	overcast clouds	100	5.14	10000	0
71	0.10	-5.33	754.50	85	overcast clouds	100	6.01	10000	0
72	0.22	-5.38	751.50	88	overcast clouds	100	6.43	10000	0
73	0.58	-4.83	750.00	90	overcast clouds	100	6.25	10000	0
74	0.94	-4.20	749.25	91	light snow	100	5.88	10000	20
75	1.10	-3.93	748.50	88	overcast clouds	100	5.74	10000	0
76	0.83	-3.67	747.00	97	light snow	100	4.64	36	100
77	0.89	-3.80	746.25	97	light snow	100	4.99	70	100
78	0.91	-4.36	745.50	97	light snow	100	6.14	181	100
79	0.79	-4.51	746.25	84	overcast clouds	91	6.12	10000	80
80	0.20	-5.66	747.00	89	light snow	98	7.01	10000	40
81	-5.06	-8.44	762.75	25	clear sky	0	2.06	10000	0
82	0.17	0.17	762.75	22	clear sky	0	1.13	10000	0
83	8.10	8.10	762.00	16	clear sky	0	0.49	10000	0
84	15.55	13.45	760.50	11	scattered clouds	31	1.51	10000	0
85	11.99	9.58	761.25	13	scattered clouds	41	1.42	10000	0
86	10.07	7.58	762.00	17	overcast clouds	100	1.74	10000	0
87	8.12	6.87	760.50	42	overcast clouds	99	2.15	10000	0
88	7.03	5.94	760.50	50	broken clouds	79	1.79	10000	0
89	7.09	6.10	761.25	47	broken clouds	72	1.70	10000	0
90	10.75	8.74	761.25	33	overcast clouds	100	2.05	10000	0
91	14.74	13.03	759.75	29	broken clouds	82	1.88	10000	0
92	15.51	13.87	759.75	29	scattered clouds	35	1.16	10000	0
93	13.15	11.46	761.25	36	broken clouds	68	2.00	10000	0
94	10.99	9.84	763.50	65	overcast clouds	100	1.96	10000	0
95	9.46	8.32	765.00	86	overcast clouds	100	2.31	10000	0
96	8.39	8.39	765.75	71	light rain	100	1.22	10000	78
97	8.03	6.73	768.00	33	light rain	100	2.20	10000	63
98	8.29	7.21	768.75	25	overcast clouds	100	1.99	10000	0
99	10.76	8.60	767.25	27	overcast clouds	100	0.31	10000	0
100	11.48	9.34	768.00	25	overcast clouds	100	1.49	10000	0
101	8.78	6.71	770.25	17	overcast clouds	100	3.59	10000	0
102	7.30	5.93	771.75	22	overcast clouds	100	2.13	10000	0
103	5.19	3.58	772.50	25	overcast clouds	96	2.01	10000	0
104	3.85	2.39	772.50	26	overcast clouds	100	1.69	10000	0
105	3.58	1.52	774.00	26	broken clouds	80	2.18	10000	0
106	6.27	3.94	774.00	20	broken clouds	75	3.13	10000	0
107	7.96	6.22	771.75	16	overcast clouds	88	2.76	10000	0
108	8.03	6.30	770.25	15	overcast clouds	100	2.77	10000	0
109	7.10	5.57	770.25	16	overcast clouds	100	2.27	10000	0
110	5.25	2.20	771.00	20	overcast clouds	100	3.94	10000	0
111	3.26	-0.11	769.50	31	overcast clouds	100	3.73	10000	0
112	2.19	-0.45	769.50	34	scattered clouds	44	2.52	10000	0
113	2.14	0.07	768.75	31	broken clouds	60	1.97	10000	0
114	5.61	3.46	768.00	20	clear sky	6	2.70	10000	0
115	8.86	7.15	765.75	16	clear sky	4	2.98	10000	0
116	9.77	8.04	764.25	15	clear sky	3	3.36	10000	0
117	7.89	5.79	765.75	16	few clouds	16	3.30	10000	0
118	6.61	4.96	766.50	17	broken clouds	79	2.31	10000	0
119	4.84	4.84	767.25	21	broken clouds	79	0.69	10000	0
120	3.58	1.80	768.00	28	broken clouds	73	1.92	10000	0
121	5.78	3.87	771.00	69	scattered clouds	43	2.44	10000	0
122	4.68	2.44	770.25	73	overcast clouds	95	2.59	10000	0
123	4.07	2.25	770.25	76	overcast clouds	97	2.03	10000	0
124	6.31	4.03	770.25	60	broken clouds	71	3.07	10000	0
125	11.63	9.87	769.50	39	scattered clouds	49	3.26	10000	0
126	13.69	12.00	768.00	34	few clouds	11	3.33	10000	0
127	4.54	1.88	765.75	90	light rain	83	3.10	0	100
128	4.73	1.91	767.25	85	light rain	92	3.39	10000	20
129	3.71	0.54	769.50	86	overcast clouds	100	3.58	10000	0
130	1.96	-1.04	770.25	92	broken clouds	75	2.87	10000	0
131	1.51	-1.01	771.00	92	broken clouds	69	2.28	10000	0
132	4.01	1.49	772.50	83	overcast clouds	98	2.78	10000	0
133	7.89	5.53	772.50	55	light rain	80	3.76	10000	20
134	7.48	5.44	772.50	56	overcast clouds	98	3.07	10000	0
135	5.74	3.87	773.25	62	overcast clouds	92	2.39	10000	0
136	3.43	1.36	774.00	79	few clouds	15	2.17	10000	0
137	2.23	-0.08	774.75	85	few clouds	12	2.20	10000	0
138	1.61	-1.04	774.00	89	broken clouds	82	2.42	10000	0
139	0.92	-2.18	774.75	88	overcast clouds	91	2.76	10000	0
140	4.66	1.34	774.75	71	clear sky	1	4.17	10000	0
141	8.27	5.68	774.00	62	clear sky	6	4.42	10000	0
142	7.87	5.61	772.50	69	overcast clouds	100	3.57	10000	0
143	5.93	4.06	773.25	80	broken clouds	84	2.43	10000	0
144	5.42	3.37	772.50	80	overcast clouds	85	2.53	10000	0
145	3.96	1.93	771.75	85	broken clouds	52	2.22	10000	0
146	2.83	0.46	771.75	89	clear sky	5	2.36	10000	0
147	2.06	-0.68	771.75	92	clear sky	5	2.60	10000	0
148	5.86	3.03	771.00	72	clear sky	5	3.80	10000	0
149	9.24	6.75	770.25	50	clear sky	6	4.73	10000	0
150	9.67	7.39	769.50	46	clear sky	5	4.48	10000	0
151	6.44	4.11	769.50	61	scattered clouds	25	3.18	10000	0
152	4.78	2.05	769.50	67	overcast clouds	95	3.27	10000	0
153	3.77	0.64	768.75	77	overcast clouds	90	3.54	10000	0
154	3.06	-0.68	768.00	84	overcast clouds	100	4.26	10000	0
155	3.14	-0.66	768.00	87	overcast clouds	88	4.40	10000	0
156	5.09	1.39	768.00	80	overcast clouds	100	5.13	10000	0
157	8.86	5.71	767.25	60	overcast clouds	100	6.25	10000	0
158	9.48	6.89	767.25	60	overcast clouds	100	5.12	10000	0
159	7.54	4.54	768.00	70	overcast clouds	99	4.93	10000	0
160	5.93	2.71	768.75	75	overcast clouds	100	4.56	10000	0
161	4.93	1.37	768.00	82	broken clouds	77	4.75	10000	0
162	4.62	0.96	767.25	85	broken clouds	83	4.80	10000	0
163	4.40	0.32	766.50	86	overcast clouds	92	5.57	10000	0
164	7.09	3.32	765.75	74	overcast clouds	100	6.64	10000	0
165	8.07	4.53	765.00	69	overcast clouds	100	6.76	10000	0
166	8.46	5.27	765.00	68	light rain	100	6.06	10000	20
167	-0.47	-5.05	744.75	93	light snow	99	4.27	201	96
168	-0.48	-5.65	744.75	92	light snow	100	5.23	0	20
169	-0.19	-6.33	747.00	84	light snow	100	7.39	10000	100
170	1.01	-4.41	747.75	81	overcast clouds	100	6.53	10000	0
171	1.18	-3.76	747.75	76	overcast clouds	100	5.60	10000	0
172	0.12	-4.45	747.00	82	overcast clouds	100	4.47	10000	0
173	2.61	2.61	769.50	37	overcast clouds	98	1.31	10000	0
174	6.57	5.63	770.25	30	scattered clouds	47	1.59	10000	0
175	11.18	9.03	769.50	26	few clouds	23	2.20	10000	0
176	12.11	9.98	769.50	23	few clouds	21	4.13	10000	0
177	10.04	7.70	772.50	23	few clouds	12	3.78	10000	0
178	7.24	5.45	775.50	29	clear sky	3	2.64	10000	0
179	10.36	8.94	768.75	57	clear sky	2	1.96	10000	0
180	-0.45	-4.31	747.00	85	overcast clouds	100	3.31	10000	0
181	8.62	8.62	769.50	61	clear sky	0	0.97	10000	0
182	7.27	6.54	768.00	54	clear sky	0	1.50	10000	0
183	6.36	5.46	767.25	67	clear sky	0	1.53	10000	0
184	5.54	4.71	766.50	72	clear sky	0	1.39	10000	0
185	8.30	6.84	765.75	65	clear sky	0	2.46	10000	0
186	13.40	12.13	765.00	51	clear sky	0	3.42	10000	0
187	14.67	13.47	763.50	49	clear sky	0	3.87	10000	0
188	11.42	10.21	762.75	61	clear sky	0	3.53	10000	0
189	-0.22	-4.69	742.50	98	snow	100	4.20	130	100
190	0.58	-5.05	741.00	97	light snow	100	6.73	0	100
191	-0.46	-6.28	742.50	93	light snow	100	6.50	1279	69
192	-0.45	-5.87	745.50	90	light snow	99	5.70	10000	48
193	0.27	-5.02	749.25	85	overcast clouds	100	5.82	10000	0
194	0.75	-4.44	751.50	86	light snow	100	5.87	10000	20
195	-0.55	-5.89	754.50	80	light snow	50	5.50	10000	20
196	-1.86	-7.58	756.75	84	broken clouds	53	5.58	10000	0
197	3.96	0.48	774.75	85	clear sky	0	4.17	10000	0
198	4.49	1.46	774.75	77	few clouds	12	3.63	10000	0
199	4.26	1.50	774.00	74	clear sky	5	3.16	10000	0
200	3.24	-0.23	774.75	73	clear sky	7	3.89	10000	0
201	5.36	2.20	774.75	60	clear sky	9	4.18	10000	0
202	9.37	7.08	773.25	43	clear sky	9	4.33	10000	0
203	10.72	8.92	772.50	41	few clouds	24	3.90	10000	0
204	8.88	7.12	772.50	52	scattered clouds	43	3.07	10000	0
205	6.93	5.35	772.50	60	scattered clouds	39	2.30	10000	0
206	5.32	4.01	771.75	64	scattered clouds	29	1.75	10000	0
207	4.25	2.82	771.00	67	broken clouds	74	1.71	10000	0
208	3.39	2.04	771.75	71	broken clouds	59	1.55	10000	0
209	5.49	3.92	771.75	58	few clouds	11	2.02	10000	0
210	9.72	9.18	771.00	42	clear sky	6	1.65	10000	0
211	11.61	9.77	769.50	36	clear sky	1	1.84	10000	0
212	9.97	9.18	769.50	46	scattered clouds	34	1.97	10000	0
213	7.83	7.17	770.25	58	broken clouds	56	1.50	10000	0
214	6.58	5.81	769.50	64	broken clouds	70	1.45	10000	0
215	5.59	4.65	769.50	69	overcast clouds	100	1.48	10000	0
216	4.81	3.61	769.50	73	overcast clouds	90	1.59	10000	0
217	7.01	6.18	770.25	63	broken clouds	63	1.55	10000	0
218	11.58	9.92	770.25	43	scattered clouds	46	2.28	10000	0
219	13.69	12.03	769.50	35	clear sky	1	2.64	10000	0
220	11.27	9.68	769.50	47	clear sky	1	1.58	10000	0
221	8.84	8.23	771.00	62	clear sky	0	1.59	10000	0
222	7.49	7.49	770.25	68	clear sky	0	1.17	10000	0
223	6.36	5.52	770.25	70	clear sky	0	1.48	10000	0
224	5.46	4.50	770.25	64	clear sky	0	1.48	10000	0
225	8.24	7.24	771.00	47	clear sky	0	1.89	10000	0
226	13.25	11.49	770.25	33	clear sky	0	2.33	10000	0
227	15.51	13.95	769.50	32	clear sky	0	3.04	10000	0
228	12.52	11.05	768.75	47	clear sky	0	1.95	10000	0
229	9.96	9.38	769.50	62	clear sky	0	1.73	10000	0
230	8.34	7.64	768.75	69	clear sky	0	1.61	10000	0
231	7.11	6.24	768.00	78	clear sky	0	1.60	10000	0
232	6.37	5.38	767.25	83	clear sky	0	1.61	10000	0
233	9.35	8.47	767.25	65	clear sky	0	1.96	10000	0
234	15.35	13.83	766.50	34	clear sky	0	3.22	10000	0
235	17.63	16.28	764.25	32	clear sky	1	4.43	10000	0
236	14.54	13.30	764.25	48	clear sky	10	1.78	10000	0
237	10.06	8.84	762.75	66	few clouds	14	2.40	10000	0
238	10.68	9.66	759.00	71	broken clouds	59	3.81	10000	0
239	10.51	9.55	757.50	74	overcast clouds	100	3.64	10000	0
240	10.30	9.37	756.75	76	overcast clouds	100	4.15	10000	0
241	11.53	10.67	756.75	74	broken clouds	83	4.42	10000	0
242	11.61	10.92	756.75	80	overcast clouds	89	4.39	10000	0
243	12.50	11.87	756.00	79	overcast clouds	99	4.19	10000	0
244	11.74	11.14	757.50	83	overcast clouds	98	3.35	10000	0
245	12.17	10.90	763.50	56	broken clouds	69	2.83	10000	0
246	10.70	9.60	762.75	68	broken clouds	62	3.24	10000	0
247	10.59	9.51	762.00	69	overcast clouds	100	2.52	10000	0
248	10.65	9.73	761.25	75	overcast clouds	100	3.42	10000	0
249	11.10	10.20	762.00	74	overcast clouds	100	3.99	10000	0
250	12.85	11.86	761.25	64	overcast clouds	100	3.95	10000	0
251	16.47	15.58	759.75	54	overcast clouds	91	4.16	10000	0
252	14.57	13.75	759.00	64	overcast clouds	95	3.36	10000	0
253	-2.16	-5.31	760.50	95	overcast clouds	100	2.27	6012	0
254	-4.01	-7.27	759.00	97	overcast clouds	100	2.10	3327	0
255	-3.81	-7.52	756.75	97	light snow	99	2.49	396	20
256	-3.02	-6.41	756.75	97	light snow	100	2.34	10000	20
257	-0.50	-4.35	756.00	91	overcast clouds	94	3.29	10000	0
258	-0.39	-4.11	755.25	92	overcast clouds	96	3.16	1881	0
259	-1.04	-4.53	755.25	94	overcast clouds	100	2.77	9462	0
260	-1.47	-6.03	753.75	96	overcast clouds	100	3.92	3146	0
261	-1.95	-6.38	752.25	97	light snow	100	3.61	4668	20
262	-2.52	-6.76	750.75	96	overcast clouds	100	3.25	723	0
263	-1.95	-6.45	749.25	97	light snow	100	3.70	195	100
264	-1.02	-5.00	748.50	98	light snow	100	3.31	165	100
265	0.46	-3.97	748.50	99	light snow	100	4.38	0	100
266	1.53	-2.46	747.75	92	overcast clouds	97	4.08	10000	80
267	0.52	-3.56	746.25	94	overcast clouds	100	3.88	10000	0
268	0.29	-4.39	744.00	98	light snow	100	4.72	24	20
269	0.06	-4.42	741.75	99	snow	100	4.31	32	100
270	-0.99	-7.73	743.25	90	snow	100	8.29	2634	100
271	-1.46	-7.85	745.50	96	light snow	100	7.13	0	37
272	-1.85	-8.33	747.00	89	overcast clouds	98	7.08	10000	0
273	-0.25	-6.02	747.75	88	light snow	99	6.53	6052	20
274	0.20	-4.94	749.25	86	light snow	99	5.49	10000	20
275	-4.09	-7.28	749.25	92	broken clouds	71	2.04	10000	0
276	-4.73	-7.26	749.25	96	overcast clouds	86	1.56	10000	0
277	-4.67	-4.67	749.25	98	overcast clouds	100	0.83	10000	0
278	-4.80	-4.80	749.25	98	overcast clouds	100	0.34	8019	0
279	-4.00	-6.19	750.00	97	light snow	100	1.43	1825	55
280	-3.58	-6.44	752.25	95	overcast clouds	99	1.87	10000	23
281	-0.75	-5.57	753.75	83	broken clouds	75	4.54	10000	0
282	-0.24	-4.54	756.00	81	overcast clouds	87	3.95	10000	0
283	-1.39	-4.05	759.00	87	overcast clouds	100	1.98	10000	0
284	-1.93	-4.28	761.25	88	overcast clouds	100	1.70	10000	0
285	-4.91	-4.91	762.75	93	overcast clouds	95	0.66	10000	0
286	-5.27	-9.52	762.75	95	overcast clouds	98	2.72	10000	0
287	-1.95	-7.14	761.25	90	overcast clouds	99	4.66	10000	0
288	-1.12	-7.24	758.25	97	light snow	99	6.75	146	100
289	1.52	-3.70	755.25	100	light rain	100	6.40	300	100
290	2.80	-2.41	753.75	100	overcast clouds	100	7.25	53	80
291	2.60	-2.44	754.50	99	overcast clouds	100	6.68	0	0
292	2.47	-2.67	754.50	91	overcast clouds	100	6.82	10000	0
293	9.01	7.69	768.75	57	clear sky	0	2.44	10000	0
294	7.02	5.59	769.50	64	clear sky	0	2.14	10000	0
295	5.73	4.09	769.50	66	clear sky	0	2.13	10000	0
296	4.89	3.44	768.75	67	clear sky	0	1.81	10000	0
297	4.38	4.38	768.75	67	clear sky	0	1.33	10000	0
298	8.95	8.27	768.75	47	clear sky	0	1.67	10000	0
299	13.36	11.59	768.00	32	clear sky	0	1.74	10000	0
300	14.50	12.87	766.50	33	few clouds	24	2.31	10000	0
301	10.51	9.08	766.50	56	scattered clouds	27	2.04	10000	0
302	8.70	8.11	766.50	60	overcast clouds	90	1.55	10000	0
303	7.53	6.75	765.75	65	overcast clouds	94	1.57	10000	0
304	6.68	5.48	765.75	69	overcast clouds	100	1.84	10000	0
305	5.44	4.23	765.75	75	broken clouds	77	1.68	10000	0
306	9.89	9.89	766.50	56	clear sky	3	1.31	10000	0
307	13.91	12.43	765.75	41	few clouds	11	1.16	10000	0
308	14.65	13.14	765.00	37	scattered clouds	31	0.51	10000	0
309	11.25	9.61	765.00	45	few clouds	23	1.33	10000	0
310	-0.33	-0.33	763.50	88	broken clouds	84	0.84	10000	0
311	-0.72	-3.66	764.25	89	overcast clouds	91	2.30	10000	0
312	-0.01	-4.07	763.50	86	overcast clouds	94	3.69	10000	0
313	1.39	-3.00	762.00	97	overcast clouds	97	4.69	10000	0
314	3.44	-0.70	759.75	97	overcast clouds	100	5.17	5523	0
315	5.67	1.67	759.00	83	overcast clouds	99	6.19	10000	0
316	4.63	0.58	758.25	82	scattered clouds	25	5.64	10000	0
317	3.81	-0.47	759.00	85	broken clouds	63	5.67	10000	0
318	6.26	4.87	776.25	31	overcast clouds	88	1.97	10000	0
319	4.34	2.20	776.25	38	scattered clouds	29	2.41	10000	0
320	4.19	1.89	778.50	38	few clouds	14	2.56	10000	0
321	7.71	5.71	778.50	24	clear sky	0	3.08	10000	0
322	10.38	7.89	776.25	16	clear sky	0	1.90	10000	0
323	10.76	8.28	774.75	15	clear sky	0	1.53	10000	0
324	8.68	7.36	775.50	18	clear sky	10	2.36	10000	0
325	7.09	5.09	775.50	20	scattered clouds	43	2.89	10000	0
326	6.03	4.27	774.00	22	broken clouds	71	2.32	10000	0
327	5.10	3.74	772.50	24	overcast clouds	100	1.76	10000	0
328	5.05	5.05	773.25	25	overcast clouds	100	0.84	10000	0
329	7.80	6.19	772.50	30	overcast clouds	100	2.53	10000	0
330	11.68	9.77	769.50	33	overcast clouds	100	4.13	10000	0
331	12.10	10.15	768.00	30	overcast clouds	100	3.70	10000	0
332	10.05	8.02	768.00	35	overcast clouds	100	1.79	10000	0
333	8.23	8.23	768.00	41	overcast clouds	98	0.90	10000	0
334	6.55	6.55	767.25	46	broken clouds	70	1.00	10000	0
335	11.59	11.00	757.50	84	overcast clouds	99	3.74	10000	0
336	3.19	-1.11	759.00	89	broken clouds	75	5.37	10000	0
337	5.07	3.46	767.25	48	clear sky	0	1.99	10000	0
338	13.36	12.63	759.00	72	overcast clouds	100	3.01	10000	0
339	9.08	8.20	765.00	55	clear sky	9	1.91	10000	0
340	1.75	-3.51	755.25	94	overcast clouds	100	6.63	10000	0
341	7.67	6.28	763.50	69	broken clouds	52	2.23	10000	0
342	6.50	5.01	762.75	75	scattered clouds	35	2.11	10000	0
343	5.75	4.02	762.75	82	few clouds	21	2.23	10000	0
344	10.02	8.67	762.75	61	clear sky	0	2.80	10000	0
345	13.85	12.54	761.25	48	clear sky	0	3.33	10000	0
346	14.90	13.59	759.75	44	clear sky	0	3.67	10000	0
347	10.62	9.83	755.25	80	overcast clouds	100	3.85	10000	7
348	10.10	9.23	754.50	79	overcast clouds	100	3.85	10000	0
349	9.36	7.47	754.50	83	overcast clouds	100	3.49	10000	0
350	9.98	8.11	754.50	80	overcast clouds	98	3.72	10000	0
351	14.41	13.55	753.75	63	overcast clouds	89	4.07	10000	0
352	14.83	13.99	753.00	62	overcast clouds	88	4.57	10000	0
353	3.73	1.01	762.75	90	overcast clouds	99	2.96	10000	0
354	3.31	0.93	762.75	94	overcast clouds	100	2.47	10000	0
355	3.38	1.02	763.50	92	overcast clouds	95	2.46	10000	0
356	5.68	3.25	764.25	81	overcast clouds	99	3.11	10000	0
357	4.55	2.37	765.00	90	overcast clouds	97	2.50	10000	0
358	3.73	1.90	766.50	92	overcast clouds	100	1.99	10000	0
359	10.46	9.39	757.50	70	scattered clouds	49	3.99	10000	0
360	9.21	7.41	756.75	74	broken clouds	70	3.27	10000	0
361	8.55	6.83	756.00	75	overcast clouds	85	2.91	10000	0
362	11.09	9.93	756.00	64	overcast clouds	91	3.54	10000	0
363	15.58	14.50	754.50	50	overcast clouds	95	4.72	10000	0
364	17.75	16.76	753.00	45	overcast clouds	85	5.08	10000	0
365	1.27	-2.20	761.25	97	overcast clouds	100	3.28	10000	0
366	0.87	-1.82	762.00	97	overcast clouds	100	2.33	10000	0
367	0.78	-1.16	762.75	99	overcast clouds	100	1.70	0	0
368	1.09	-0.35	763.50	100	overcast clouds	100	1.40	0	0
369	2.08	0.12	765.00	91	overcast clouds	100	1.87	10000	0
370	1.01	-1.64	765.75	91	overcast clouds	100	2.32	10000	0
371	4.75	4.75	767.25	66	clear sky	1	1.32	10000	0
372	9.28	9.28	768.00	46	clear sky	0	0.72	10000	0
373	13.23	11.44	765.75	32	clear sky	0	1.53	10000	0
374	15.16	13.31	765.00	22	clear sky	0	3.29	10000	0
375	12.14	10.14	765.75	28	clear sky	0	2.57	10000	0
376	9.77	8.31	767.25	37	clear sky	2	2.88	10000	0
377	3.80	-0.50	764.25	55	overcast clouds	99	5.70	10000	0
378	4.86	0.86	763.50	53	overcast clouds	99	5.66	10000	0
379	4.15	0.55	762.00	64	broken clouds	78	4.46	10000	0
380	4.11	-0.07	760.50	72	overcast clouds	100	5.63	10000	0
381	4.98	1.05	759.00	73	overcast clouds	100	5.57	10000	0
382	5.10	1.49	757.50	89	light rain	100	4.94	9262	100
383	5.98	2.21	756.00	93	light rain	100	5.81	10000	100
384	6.87	3.22	755.25	87	light rain	100	6.13	10000	100
385	7.72	3.87	753.75	89	light rain	100	7.45	8632	100
386	6.69	2.88	750.75	91	moderate rain	100	6.44	10000	100
387	6.97	3.02	748.50	85	light rain	100	7.08	10000	100
388	8.39	4.63	744.75	93	light rain	100	7.80	10000	100
389	9.96	6.44	740.25	91	light rain	100	8.75	10000	100
390	9.89	7.27	738.75	84	light rain	96	5.51	10000	100
391	8.11	5.22	738.75	88	light rain	94	5.02	10000	79
392	8.69	6.68	738.75	87	overcast clouds	100	3.44	10000	0
393	8.67	5.42	739.50	85	light rain	99	6.41	10000	20
394	1.98	-4.01	743.25	93	light snow	100	8.74	1267	30
395	0.17	-6.53	747.00	78	light snow	100	9.16	10000	20
396	-1.98	-8.98	751.50	78	light snow	100	8.97	10000	39
397	-1.96	-8.96	753.75	74	light snow	100	8.83	10000	25
398	-2.66	-9.66	756.00	71	overcast clouds	100	7.97	10000	0
399	-3.35	-10.07	758.25	71	broken clouds	72	6.70	10000	0
400	-1.37	-7.44	760.50	55	clear sky	7	6.50	10000	0
401	2.86	-1.85	760.50	38	clear sky	4	6.07	10000	0
402	4.61	0.53	759.75	38	clear sky	0	5.70	10000	0
403	1.34	-2.09	759.75	55	clear sky	3	3.24	10000	0
404	0.62	-2.36	759.75	63	broken clouds	57	2.57	10000	0
405	0.49	-2.52	759.75	67	broken clouds	79	2.58	10000	0
406	0.33	-2.64	759.00	71	overcast clouds	96	2.51	10000	0
407	0.55	-2.07	758.25	81	overcast clouds	98	2.22	10000	0
408	1.07	-1.97	757.50	97	light snow	100	2.72	66	100
409	1.51	-1.56	755.25	99	snow	100	2.85	0	100
410	1.96	-0.35	753.00	98	snow	100	2.16	116	100
411	0.87	-3.04	753.75	98	light snow	100	3.75	31	100
412	0.40	-4.91	756.00	90	overcast clouds	100	5.94	10000	0
413	0.10	-4.72	757.50	78	overcast clouds	100	4.88	10000	0
414	-2.14	-7.16	759.00	82	scattered clouds	37	4.34	10000	0
415	-3.38	-7.70	760.50	78	scattered clouds	44	3.14	10000	0
416	-1.73	-5.44	762.75	56	overcast clouds	100	2.86	10000	0
417	9.43	8.52	766.50	72	clear sky	0	2.01	10000	0
418	10.42	9.24	766.50	66	clear sky	5	3.68	10000	0
419	10.54	9.48	765.75	70	few clouds	17	4.03	10000	0
420	7.51	6.26	766.50	88	overcast clouds	100	2.03	10000	0
421	7.32	5.88	767.25	90	overcast clouds	100	2.21	10000	0
422	6.34	4.92	767.25	95	overcast clouds	100	2.01	10000	0
423	7.00	5.62	766.50	88	overcast clouds	90	2.08	10000	0
424	7.73	7.73	767.25	85	overcast clouds	100	1.06	10000	0
425	11.25	10.18	768.00	67	overcast clouds	98	1.50	10000	0
426	13.11	11.99	766.50	58	overcast clouds	94	1.28	10000	0
427	13.96	12.85	765.00	55	overcast clouds	90	2.11	10000	0
428	8.94	8.51	764.25	74	overcast clouds	100	1.44	10000	0
429	7.95	7.95	764.25	81	overcast clouds	100	1.02	10000	0
430	8.10	8.10	762.75	85	overcast clouds	100	1.28	10000	0
431	8.03	7.28	761.25	88	light rain	100	1.61	10000	20
432	7.87	7.87	760.50	94	light rain	100	1.27	10000	92
433	8.13	8.13	759.00	96	light rain	100	0.52	7659	100
434	8.44	7.53	757.50	95	moderate rain	100	1.83	10000	100
435	7.96	7.96	756.75	96	moderate rain	100	0.64	10000	100
436	7.67	6.99	756.00	98	light rain	100	1.50	10000	100
437	6.53	3.65	755.25	94	overcast clouds	100	4.16	10000	86
438	5.21	2.64	755.25	93	overcast clouds	100	3.16	10000	0
439	4.43	1.90	755.25	89	broken clouds	70	2.89	10000	0
440	4.67	2.95	756.00	91	broken clouds	70	2.03	10000	0
441	7.42	4.86	756.75	82	light rain	88	3.94	10000	59
442	10.10	8.63	756.00	56	light rain	100	5.00	10000	69
443	8.42	6.42	756.00	79	light rain	95	3.33	10000	100
444	6.09	5.33	757.50	87	light rain	83	1.39	10000	100
445	4.16	4.16	759.75	93	broken clouds	58	0.68	10000	78
446	3.74	3.74	761.25	94	broken clouds	62	0.66	10000	0
447	2.82	2.82	762.00	96	scattered clouds	33	0.47	10000	0
448	2.92	2.92	763.50	97	clear sky	0	0.86	10000	0
449	9.69	9.69	765.00	79	clear sky	6	1.01	10000	0
450	14.05	12.92	764.25	54	few clouds	12	1.44	10000	0
451	12.65	11.49	765.00	58	clear sky	10	2.86	10000	0
452	6.56	5.74	766.50	89	few clouds	13	1.49	10000	0
453	5.42	5.42	768.00	94	scattered clouds	41	1.14	10000	0
454	4.78	4.78	768.00	96	broken clouds	73	1.20	10000	0
455	3.90	3.90	768.00	95	broken clouds	59	0.70	10000	0
456	4.64	4.64	768.00	92	overcast clouds	100	1.10	10000	0
457	10.93	9.49	768.75	54	clear sky	0	0.89	10000	0
458	10.06	8.64	768.75	58	scattered clouds	33	1.10	10000	0
459	7.84	7.84	769.50	68	broken clouds	63	0.58	10000	0
460	5.27	5.27	768.75	79	broken clouds	71	0.63	10000	0
461	4.60	4.60	768.75	82	broken clouds	74	0.20	10000	0
462	7.70	7.70	769.50	67	overcast clouds	99	1.04	10000	0
463	12.59	11.18	768.00	49	overcast clouds	99	1.33	10000	0
464	14.81	13.50	767.25	44	overcast clouds	98	1.14	10000	0
465	11.74	10.30	767.25	51	overcast clouds	100	0.79	10000	0
466	9.11	9.11	768.00	57	broken clouds	80	0.85	10000	0
467	7.51	7.51	768.75	61	broken clouds	57	0.65	10000	0
468	6.37	6.37	768.75	62	broken clouds	76	1.20	10000	0
469	5.41	5.41	768.75	63	broken clouds	53	1.12	10000	0
470	9.61	9.09	769.50	51	broken clouds	63	1.61	10000	0
471	14.28	12.86	768.00	42	broken clouds	78	2.34	10000	0
472	15.97	14.64	767.25	39	overcast clouds	94	2.95	10000	0
473	11.79	10.36	767.25	51	overcast clouds	97	2.46	10000	0
474	9.30	8.29	768.00	58	broken clouds	68	2.11	10000	0
475	7.76	6.78	768.75	65	scattered clouds	37	1.79	10000	0
476	6.21	5.19	768.00	75	few clouds	14	1.61	10000	0
477	5.42	4.04	768.00	82	scattered clouds	30	1.83	10000	0
478	9.62	8.07	768.00	65	broken clouds	65	2.98	10000	0
479	14.49	13.14	766.50	44	broken clouds	72	4.84	10000	0
480	15.83	14.51	765.00	40	broken clouds	77	4.69	10000	0
481	12.80	11.52	765.00	53	overcast clouds	89	2.59	10000	0
482	11.07	9.62	765.00	53	overcast clouds	100	2.75	10000	0
483	9.45	8.71	765.00	56	overcast clouds	100	1.82	10000	0
484	7.98	6.65	764.25	62	broken clouds	78	2.22	10000	0
485	6.84	5.49	764.25	71	overcast clouds	86	2.02	10000	0
486	11.01	9.68	764.25	58	overcast clouds	85	3.60	10000	0
487	15.05	13.68	762.75	41	broken clouds	84	5.74	10000	0
488	16.58	15.29	760.50	38	few clouds	22	5.26	10000	0
489	12.33	11.08	760.50	56	few clouds	18	2.51	10000	0
490	10.33	9.06	760.50	63	clear sky	10	2.67	10000	0
491	9.52	8.13	760.50	66	few clouds	11	2.68	10000	0
492	8.45	7.43	759.75	69	few clouds	24	1.95	10000	0
493	7.63	6.31	759.00	74	broken clouds	53	2.14	10000	0
494	11.81	10.59	758.25	59	scattered clouds	34	3.37	10000	0
495	15.27	14.13	756.75	49	broken clouds	55	5.75	10000	0
496	16.71	15.69	754.50	48	overcast clouds	93	5.33	10000	0
497	9.25	9.25	771.00	74	overcast clouds	100	0.69	10000	0
498	7.41	7.41	771.00	82	overcast clouds	85	0.98	10000	0
499	4.86	3.40	769.50	93	few clouds	11	1.82	10000	0
500	3.73	3.73	769.50	91	clear sky	5	1.21	10000	0
501	5.52	3.84	769.50	79	clear sky	0	2.14	10000	0
502	10.19	8.81	768.00	59	clear sky	3	3.85	10000	0
503	11.77	10.33	766.50	51	broken clouds	74	4.13	10000	0
504	8.40	7.20	765.75	56	scattered clouds	50	2.15	10000	0
505	5.73	3.58	766.50	70	few clouds	21	2.73	10000	0
506	4.25	1.93	766.50	73	scattered clouds	31	2.60	10000	0
507	3.22	0.74	765.75	67	overcast clouds	100	2.56	10000	0
508	2.85	0.29	765.00	70	overcast clouds	100	2.57	10000	0
509	5.22	2.52	765.00	62	overcast clouds	97	3.36	10000	0
510	10.42	8.72	764.25	46	overcast clouds	92	4.42	10000	0
511	13.06	11.57	763.50	44	few clouds	16	4.46	10000	0
512	10.33	9.04	762.75	62	clear sky	8	3.92	10000	0
513	8.03	5.88	763.50	64	clear sky	0	3.44	10000	0
514	6.81	4.91	762.75	79	clear sky	0	2.67	10000	0
515	6.10	4.66	762.00	89	clear sky	0	1.99	10000	0
516	5.97	4.18	760.50	90	clear sky	0	2.35	10000	0
517	9.63	7.49	759.75	78	clear sky	0	4.13	10000	0
518	13.68	12.62	759.00	58	clear sky	0	5.75	10000	0
519	14.75	13.90	757.50	62	clear sky	10	5.70	10000	0
520	12.85	12.02	756.75	70	scattered clouds	40	5.59	10000	0
521	10.25	9.47	756.75	82	light rain	100	5.05	10000	20
522	11.03	10.28	756.00	80	overcast clouds	100	5.91	10000	0
523	10.53	9.88	755.25	86	overcast clouds	98	5.04	10000	0
524	11.08	10.38	754.50	82	overcast clouds	99	5.37	10000	0
525	10.86	10.17	755.25	83	light rain	100	4.35	10000	100
526	12.42	11.44	756.75	66	light rain	100	4.59	10000	100
527	13.25	12.30	756.00	64	overcast clouds	100	2.88	10000	0
528	11.60	10.85	756.00	78	overcast clouds	100	2.87	10000	0
529	10.79	10.17	757.50	86	overcast clouds	100	2.74	10000	0
530	10.23	9.48	756.75	83	light rain	100	3.20	10000	35
531	10.56	9.73	756.00	79	overcast clouds	97	4.07	10000	0
532	10.14	9.35	755.25	82	overcast clouds	99	3.81	10000	0
533	11.26	10.32	756.00	72	overcast clouds	100	3.78	10000	0
534	13.54	12.59	755.25	63	overcast clouds	100	3.97	10000	0
535	15.41	14.49	754.50	57	overcast clouds	97	4.99	10000	0
536	12.85	11.99	754.50	69	overcast clouds	89	4.40	10000	0
537	14.15	12.80	768.75	45	few clouds	15	1.74	10000	0
538	13.29	11.77	768.75	42	few clouds	23	2.56	10000	0
539	12.21	10.53	768.00	40	clear sky	9	2.82	10000	0
540	11.82	10.05	768.00	38	scattered clouds	34	1.94	10000	0
541	12.86	11.17	768.75	37	overcast clouds	92	1.01	10000	0
542	12.13	10.81	768.75	54	broken clouds	77	3.30	10000	0
543	12.66	11.52	768.00	59	broken clouds	53	2.72	10000	0
544	12.81	11.77	768.75	62	broken clouds	63	2.06	10000	0
545	12.96	11.80	768.75	57	broken clouds	77	1.80	10000	0
546	12.58	11.07	768.75	45	overcast clouds	86	1.64	10000	0
547	12.06	10.39	768.75	41	broken clouds	56	1.95	10000	0
548	11.98	10.23	769.50	38	broken clouds	77	1.88	10000	0
549	12.89	11.33	770.25	42	overcast clouds	96	2.79	10000	0
550	13.09	12.02	770.25	60	broken clouds	73	5.82	10000	0
551	13.15	12.19	769.50	64	clear sky	8	5.37	10000	0
552	13.26	12.31	769.50	64	clear sky	5	3.57	10000	0
553	12.91	11.72	770.25	56	clear sky	1	2.28	10000	0
554	12.44	10.94	770.25	46	clear sky	2	2.23	10000	0
555	12.05	10.56	769.50	48	clear sky	7	3.07	10000	0
556	11.77	10.31	769.50	50	scattered clouds	26	3.14	10000	0
557	13.37	12.12	770.25	52	overcast clouds	85	3.95	10000	0
558	13.93	13.05	768.75	64	broken clouds	66	8.43	10000	0
559	14.11	13.27	768.00	65	overcast clouds	96	9.48	10000	0
560	13.81	13.05	768.00	69	overcast clouds	98	7.29	10000	0
561	13.48	12.42	768.00	59	overcast clouds	100	4.34	10000	0
562	13.27	12.09	767.25	55	overcast clouds	100	4.79	10000	0
563	13.02	11.81	766.50	55	overcast clouds	100	3.95	10000	0
564	12.79	11.53	765.75	54	overcast clouds	100	3.38	10000	0
565	13.86	12.79	765.75	57	overcast clouds	97	4.95	10000	0
566	13.90	13.02	764.25	64	overcast clouds	93	7.96	10000	0
567	13.84	13.00	762.75	66	overcast clouds	86	6.87	10000	0
568	14.17	13.29	762.75	63	broken clouds	62	7.26	10000	0
569	14.13	13.09	762.75	57	broken clouds	73	4.99	10000	0
570	14.07	12.94	762.00	54	overcast clouds	85	3.78	10000	0
571	13.13	11.93	761.25	55	broken clouds	81	1.66	10000	0
572	12.63	11.33	761.25	53	overcast clouds	90	1.76	10000	0
573	13.46	12.27	762.00	54	overcast clouds	96	2.49	10000	0
574	12.96	11.93	761.25	62	broken clouds	57	4.00	10000	0
575	13.25	12.17	759.75	59	scattered clouds	27	3.45	10000	0
576	13.05	12.08	759.75	64	few clouds	15	2.62	10000	0
577	12.56	11.62	754.50	67	broken clouds	65	3.50	10000	0
578	0.81	-0.94	771.00	72	few clouds	17	1.57	10000	0
579	5.13	3.77	771.00	71	clear sky	0	1.77	10000	0
580	4.38	3.06	771.00	71	few clouds	20	1.64	10000	0
581	3.60	2.05	770.25	72	overcast clouds	100	1.73	10000	0
582	3.06	1.62	770.25	73	overcast clouds	100	1.58	10000	0
583	6.60	5.56	770.25	62	overcast clouds	99	1.68	10000	0
584	11.46	9.94	770.25	49	broken clouds	75	1.19	10000	0
585	12.52	11.00	769.50	45	few clouds	18	2.59	10000	0
586	7.87	5.81	768.75	66	clear sky	9	3.23	10000	0
587	6.31	4.87	768.75	68	clear sky	0	2.02	10000	0
588	5.09	3.41	769.50	72	clear sky	0	2.06	10000	0
589	4.45	2.42	768.75	74	clear sky	0	2.31	10000	0
590	3.76	1.13	768.75	70	clear sky	0	2.86	10000	0
591	7.87	6.38	769.50	55	clear sky	0	2.40	10000	0
592	12.27	10.73	768.75	45	clear sky	0	2.27	10000	0
593	13.93	12.53	767.25	44	clear sky	0	3.29	10000	0
594	9.33	8.14	767.25	66	clear sky	0	2.35	10000	0
595	7.08	5.20	767.25	76	clear sky	0	2.72	10000	0
596	5.77	3.59	767.25	79	clear sky	0	2.78	10000	0
597	5.11	2.75	766.50	82	clear sky	0	2.85	10000	0
598	4.95	2.53	765.75	85	clear sky	5	2.89	10000	0
599	9.58	7.79	765.75	71	overcast clouds	95	3.39	10000	0
600	13.85	12.60	764.25	50	overcast clouds	97	5.54	10000	0
601	15.03	13.97	763.50	53	scattered clouds	25	4.58	10000	0
602	10.65	9.44	763.50	64	few clouds	16	3.41	10000	0
603	9.13	6.93	763.50	73	clear sky	2	4.00	10000	0
604	8.24	5.95	762.75	77	few clouds	19	3.79	10000	0
605	8.01	5.35	762.75	73	overcast clouds	99	4.44	10000	0
606	7.61	4.52	762.00	74	broken clouds	75	5.20	10000	0
607	11.44	10.23	762.75	61	scattered clouds	48	4.99	10000	0
608	15.29	14.05	762.00	45	broken clouds	68	5.33	10000	0
609	16.17	15.04	760.50	46	few clouds	22	5.03	10000	0
610	12.07	10.93	760.50	61	scattered clouds	39	2.23	10000	0
611	10.16	9.03	760.50	69	overcast clouds	85	3.02	10000	0
612	8.66	6.97	760.50	73	broken clouds	65	2.90	10000	0
613	8.33	6.55	759.75	76	overcast clouds	88	2.93	10000	0
614	8.06	6.34	759.00	75	overcast clouds	94	2.76	10000	0
615	11.52	10.40	759.00	64	overcast clouds	100	3.35	10000	0
616	15.87	14.79	758.25	49	overcast clouds	100	3.62	10000	0
617	15.98	14.97	756.75	51	overcast clouds	100	3.79	10000	0
618	12.00	11.01	756.75	67	overcast clouds	100	3.22	10000	0
\.


--
-- Name: city_cityid_seq; Type: SEQUENCE SET; Schema: public; Owner: postgres
--

SELECT pg_catalog.setval('public.city_cityid_seq', 17, true);


--
-- Name: forecast_forecastid_seq; Type: SEQUENCE SET; Schema: public; Owner: postgres
--

SELECT pg_catalog.setval('public.forecast_forecastid_seq', 618, true);


--
-- Name: history_operationid_seq; Type: SEQUENCE SET; Schema: public; Owner: postgres
--

SELECT pg_catalog.setval('public.history_operationid_seq', 222, true);


--
-- Name: city city_pkey; Type: CONSTRAINT; Schema: public; Owner: postgres
--

ALTER TABLE ONLY public.city
    ADD CONSTRAINT city_pkey PRIMARY KEY (cityid);


--
-- Name: forecast forecast_pkey; Type: CONSTRAINT; Schema: public; Owner: postgres
--

ALTER TABLE ONLY public.forecast
    ADD CONSTRAINT forecast_pkey PRIMARY KEY (forecastid);


--
-- Name: history history_pkey; Type: CONSTRAINT; Schema: public; Owner: postgres
--

ALTER TABLE ONLY public.history
    ADD CONSTRAINT history_pkey PRIMARY KEY (operationid);


--
-- Name: information information_pkey; Type: CONSTRAINT; Schema: public; Owner: postgres
--

ALTER TABLE ONLY public.information
    ADD CONSTRAINT information_pkey PRIMARY KEY (informationid);


--
-- Name: forecast forecast_cityid_fkey; Type: FK CONSTRAINT; Schema: public; Owner: postgres
--

ALTER TABLE ONLY public.forecast
    ADD CONSTRAINT forecast_cityid_fkey FOREIGN KEY (cityid) REFERENCES public.city(cityid) ON UPDATE CASCADE;


--
-- Name: information information_informationid_fkey; Type: FK CONSTRAINT; Schema: public; Owner: postgres
--

ALTER TABLE ONLY public.information
    ADD CONSTRAINT information_informationid_fkey FOREIGN KEY (informationid) REFERENCES public.forecast(forecastid) ON UPDATE CASCADE;


--
-- PostgreSQL database dump complete
--

